{
    "ENE": {
        "set0": {
            "E100": {
                "chi2": 1.184382533970654, 
                "ndf": 2, 
                "pvalue": 0.553113935527938
            }, 
            "E175": {
                "chi2": 0.20264721205886657, 
                "ndf": 2, 
                "pvalue": 0.9036405620314366
            }, 
            "E20": {
                "chi2": 17.501176818163398, 
                "ndf": 6, 
                "pvalue": 0.007607526985020292
            }, 
            "E225": {
                "chi2": 2.157913400884438, 
                "ndf": 4, 
                "pvalue": 0.7067413519186125
            }, 
            "E300": {
                "chi2": 0.4102752660865202, 
                "ndf": 4, 
                "pvalue": 0.981627025052456
            }, 
            "E60": {
                "chi2": 14.036168853526062, 
                "ndf": 14, 
                "pvalue": 0.4470199216976501
            }
        }, 
        "set1": {
            "E100": {
                "chi2": 19.242974476767394, 
                "ndf": 10, 
                "pvalue": 0.03728288612409031
            }, 
            "E175": {
                "chi2": 17.10769360504686, 
                "ndf": 16, 
                "pvalue": 0.37866161797257886
            }, 
            "E20": {
                "chi2": 5.714057441621243, 
                "ndf": 10, 
                "pvalue": 0.838687531917709
            }, 
            "E225": {
                "chi2": 14.374943127577097, 
                "ndf": 18, 
                "pvalue": 0.7043424805738066
            }, 
            "E300": {
                "chi2": 24.369489699024854, 
                "ndf": 22, 
                "pvalue": 0.32816383483168277
            }, 
            "E60": {
                "chi2": 19.299354797518276, 
                "ndf": 22, 
                "pvalue": 0.6267775416813008
            }
        }, 
        "set2": {
            "E100": {
                "chi2": 15.296049225706048, 
                "ndf": 10, 
                "pvalue": 0.1216354271426325
            }, 
            "E175": {
                "chi2": 26.29204545703978, 
                "ndf": 16, 
                "pvalue": 0.05005495941313071
            }, 
            "E20": {
                "chi2": 20.077183300833624, 
                "ndf": 12, 
                "pvalue": 0.06563992844240125
            }, 
            "E225": {
                "chi2": 18.19453911709798, 
                "ndf": 20, 
                "pvalue": 0.5745946644509756
            }, 
            "E300": {
                "chi2": 20.66681413893208, 
                "ndf": 24, 
                "pvalue": 0.6582941955733284
            }, 
            "E60": {
                "chi2": 24.32280944953063, 
                "ndf": 22, 
                "pvalue": 0.33053872474461055
            }
        }
    }, 
    "MIP": {
        "set0": {
            "E100": {
                "chi2": 10.563023848835943, 
                "ndf": 14, 
                "pvalue": 0.7199711799416374
            }, 
            "E175": {
                "chi2": 26.57602881134645, 
                "ndf": 24, 
                "pvalue": 0.32459963745452025
            }, 
            "E20": {
                "chi2": 11.576349099954562, 
                "ndf": 4, 
                "pvalue": 0.020796044295892713
            }, 
            "E225": {
                "chi2": 17.480756802747266, 
                "ndf": 28, 
                "pvalue": 0.938479614521501
            }, 
            "E300": {
                "chi2": 25.48865036257207, 
                "ndf": 33, 
                "pvalue": 0.8217331226402267
            }, 
            "E60": {
                "chi2": 8.469709039376792, 
                "ndf": 10, 
                "pvalue": 0.583056408294268
            }
        }, 
        "set1": {
            "E100": {
                "chi2": 15.057489597879625, 
                "ndf": 10, 
                "pvalue": 0.12997990466734952
            }, 
            "E175": {
                "chi2": 9.646517539648867, 
                "ndf": 16, 
                "pvalue": 0.8844246829510608
            }, 
            "E20": {
                "chi2": 1.0716560730887552, 
                "ndf": 2, 
                "pvalue": 0.5851845352946972
            }, 
            "E225": {
                "chi2": 18.014651580535727, 
                "ndf": 18, 
                "pvalue": 0.4546877837132772
            }, 
            "E300": {
                "chi2": 15.064618966467112, 
                "ndf": 22, 
                "pvalue": 0.8594499479503424
            }, 
            "E60": {
                "chi2": 6.9055901572048874, 
                "ndf": 6, 
                "pvalue": 0.3296665469101639
            }
        }, 
        "set2": {
            "E100": {
                "chi2": 18.30402390663099, 
                "ndf": 12, 
                "pvalue": 0.10676630654760062
            }, 
            "E175": {
                "chi2": 28.953214136212463, 
                "ndf": 20, 
                "pvalue": 0.08868467796951525
            }, 
            "E20": {
                "chi2": 4.6667498053974406, 
                "ndf": 2, 
                "pvalue": 0.09696793688502385
            }, 
            "E225": {
                "chi2": 50.00763042482242, 
                "ndf": 24, 
                "pvalue": 0.0014128115906203568
            }, 
            "E300": {
                "chi2": 34.744940193019, 
                "ndf": 32, 
                "pvalue": 0.3384676997097384
            }, 
            "E60": {
                "chi2": 10.545968120734521, 
                "ndf": 8, 
                "pvalue": 0.22877528822983514
            }
        }
    }, 
    "SIM": {
        "set0": {
            "E100": {
                "chi2": 19.9935472966758, 
                "ndf": 10, 
                "pvalue": 0.0293137789083173
            }, 
            "E175": {
                "chi2": 13.257284990802535, 
                "ndf": 10, 
                "pvalue": 0.2096403872752886
            }, 
            "E20": {
                "chi2": 3.164443301277848, 
                "ndf": 6, 
                "pvalue": 0.7879425204336699
            }, 
            "E225": {
                "chi2": 12.155148364248326, 
                "ndf": 10, 
                "pvalue": 0.2748072195156298
            }, 
            "E300": {
                "chi2": 14.927256753666104, 
                "ndf": 12, 
                "pvalue": 0.24543871658063615
            }, 
            "E60": {
                "chi2": 3.9519081700821013, 
                "ndf": 8, 
                "pvalue": 0.8614361824588395
            }
        }, 
        "set1": {
            "E100": {
                "chi2": 10.512734386827917, 
                "ndf": 6, 
                "pvalue": 0.10465480080136351
            }, 
            "E175": {
                "chi2": 3.7877700188153813, 
                "ndf": 6, 
                "pvalue": 0.705370954415986
            }, 
            "E20": {
                "chi2": 0.11455999166812456, 
                "ndf": 2, 
                "pvalue": 0.9443296239857509
            }, 
            "E225": {
                "chi2": 9.105631127884635, 
                "ndf": 6, 
                "pvalue": 0.16772402459590596
            }, 
            "E300": {
                "chi2": 2.2284175741761105, 
                "ndf": 6, 
                "pvalue": 0.8975382783817228
            }, 
            "E60": {
                "chi2": 3.755391199827385, 
                "ndf": 4, 
                "pvalue": 0.44012092293864946
            }
        }, 
        "set2": {
            "E100": {
                "chi2": 4.292532878745286, 
                "ndf": 4, 
                "pvalue": 0.3678610672109939
            }, 
            "E175": {
                "chi2": 4.46749649522812, 
                "ndf": 4,