{
    "ENE": {
        "set0": {
            "E100": {
                "chi2": 1.1843825339706555, 
                "ndf": 2, 
                "pvalue": 0.5531139355279375
            }, 
            "E175": {
                "chi2": 0.20264721205886835, 
                "ndf": 2, 
                "pvalue": 0.9036405620314357
            }, 
            "E20": {
                "chi2": 17.501176818163405, 
                "ndf": 6, 
                "pvalue": 0.0076075269850202736
            }, 
            "E225": {
                "chi2": 2.157913400884432, 
                "ndf": 4, 
                "pvalue": 0.7067413519186136
            }, 
            "E300": {
                "chi2": 0.41027526608652026, 
                "ndf": 4, 
                "pvalue": 0.981627025052456
            }, 
            "E60": {
                "chi2": 14.036168853526062, 
                "ndf": 14, 
                "pvalue": 0.4470199216976501
            }
        }, 
        "set1": {
            "E100": {
                "chi2": 19.242974476767408, 
                "ndf": 10, 
                "pvalue": 0.037282886124090184
            }, 
            "E175": {
                "chi2": 17.10769360504687, 
                "ndf": 16, 
                "pvalue": 0.3786616179725784
            }, 
            "E20": {
                "chi2": 5.714057441621249, 
                "ndf": 10, 
                "pvalue": 0.8386875319177085
            }, 
            "E225": {
                "chi2": 14.374943127577096, 
                "ndf": 18, 
                "pvalue": 0.7043424805738067
            }, 
            "E300": {
                "chi2": 24.369489699024868, 
                "ndf": 22, 
                "pvalue": 0.32816383483168104
            }, 
            "E60": {
                "chi2": 19.299354797518273, 
                "ndf": 22, 
                "pvalue": 0.6267775416813002
            }
        }, 
        "set2": {
            "E100": {
                "chi2": 15.296049225706017, 
                "ndf": 10, 
                "pvalue": 0.1216354271426336
            }, 
            "E175": {
                "chi2": 26.29204545703978, 
                "ndf": 16, 
                "pvalue": 0.05005495941313071
            }, 
            "E20": {
                "chi2": 20.077183300833635, 
                "ndf": 12, 
                "pvalue": 0.06563992844240098
            }, 
            "E225": {
                "chi2": 18.19453911709798, 
                "ndf": 20, 
                "pvalue": 0.5745946644509756
            }, 
            "E300": {
                "chi2": 20.666814138932065, 
                "ndf": 24, 
                "pvalue": 0.6582941955733288
            }, 
            "E60": {
                "chi2": 24.32280944953064, 
                "ndf": 22, 
                "pvalue": 0.3305387247446096
            }
        }
    }, 
    "MIP": {
        "set0": {
            "E100": {
                "chi2": 10.563023848835918, 
                "ndf": 14, 
                "pvalue": 0.7199711799416393
            }, 
            "E175": {
                "chi2": 26.57602881134645, 
                "ndf": 24, 
                "pvalue": 0.32459963745452025
            }, 
            "E20": {
                "chi2": 11.576349099954552, 
                "ndf": 4, 
                "pvalue": 0.02079604429589281
            }, 
            "E225": {
                "chi2": 17.480756802747276, 
                "ndf": 28, 
                "pvalue": 0.9384796145215004
            }, 
            "E300": {
                "chi2": 25.488650362572074, 
                "ndf": 33, 
                "pvalue": 0.8217331226402267
            }, 
            "E60": {
                "chi2": 8.469709039376795, 
                "ndf": 10, 
                "pvalue": 0.5830564082942674
            }
        }, 
        "set1": {
            "E100": {
                "chi2": 15.05748959787963, 
                "ndf": 10, 
                "pvalue": 0.1299799046673494
            }, 
            "E175": {
                "chi2": 9.646517539648876, 
                "ndf": 16, 
                "pvalue": 0.8844246829510605
            }, 
            "E20": {
                "chi2": 1.0716560730887592, 
                "ndf": 2, 
                "pvalue": 0.5851845352946959
            }, 
            "E225": {
                "chi2": 18.01465158053574, 
                "ndf": 18, 
                "pvalue": 0.4546877837132761
            }, 
            "E300": {
                "chi2": 15.064618966467116, 
                "ndf": 22, 
                "pvalue": 0.8594499479503425
            }, 
            "E60": {
                "chi2": 6.905590157204872, 
                "ndf": 6, 
                "pvalue": 0.3296665469101651
            }
        }, 
        "set2": {
            "E100": {
                "chi2": 18.304023906630995, 
                "ndf": 12, 
                "pvalue": 0.10676630654760035
            }, 
            "E175": {
                "chi2": 28.953214136212456, 
                "ndf": 20, 
                "pvalue": 0.08868467796951528
            }, 
            "E20": {
                "chi2": 4.6667498053974255, 
                "ndf": 2, 
                "pvalue": 0.09696793688502459
            }, 
            "E225": {
                "chi2": 50.00763042482242, 
                "ndf": 24, 
                "pvalue": 0.0014128115906203568
            }, 
            "E300": {
                "chi2": 34.744940193018984, 
                "ndf": 32, 
                "pvalue": 0.3384676997097386
            }, 
            "E60": {
                "chi2": 10.545968120734521, 
                "ndf": 8, 
                "pvalue": 0.22877528822983514
            }
        }
    }, 
    "SIM": {
        "set0": {
            "E100": {
                "chi2": 19.993547296675796, 
                "ndf": 10, 
                "pvalue": 0.029313778908317357
            }, 
            "E175": {
                "chi2": 13.257284990802537, 
                "ndf": 10, 
                "pvalue": 0.20964038727528836
            }, 
            "E20": {
                "chi2": 3.164443301277869, 
                "ndf": 6, 
                "pvalue": 0.7879425204336672
            }, 
            "E225": {
                "chi2": 12.155148364248326, 
                "ndf": 10, 
                "pvalue": 0.2748072195156298
            }, 
            "E300": {
                "chi2": 14.927256753666088, 
                "ndf": 12, 
                "pvalue": 0.2454387165806369
            }, 
            "E60": {
                "chi2": 3.951908170082092, 
                "ndf": 8, 
                "pvalue": 0.8614361824588403
            }
        }, 
        "set1": {
            "E100": {
                "chi2": 10.512734386827917, 
                "ndf": 6, 
                "pvalue": 0.10465480080136351
            }, 
            "E175": {
                "chi2": 3.787770018815371, 
                "ndf": 6, 
                "pvalue": 0.7053709544159874
            }, 
            "E20": {
                "chi2": 0.11455999166812612, 
                "ndf": 2, 
                "pvalue": 0.9443296239857502
            }, 
            "E225": {
                "chi2": 9.105631127884639, 
                "ndf": 6, 
                "pvalue": 0.1677240245959059
            }, 
            "E300": {
                "chi2": 2.2284175741761088, 
                "ndf": 6, 
                "pvalue": 0.897538278381723
            }, 
            "E60": {
                "chi2": 3.7553911998273817, 
                "ndf": 4, 
                "pvalue": 0.4401209229386499
            }
        }, 
        "set2": {
            "E100": {
                "chi2": 4.292532878745259, 
                "ndf": 4, 
                "pvalue": 0.36786106721099726
            }, 
            "E175": {
                "chi2": 4.467496495228111, 
                "ndf": 4,