{
    "ENE": {
        "set0": {
            "E100": {
                "error_mean": 0.07982074450523231, 
                "error_sigma": 0.06519544084923656, 
                "mean": 85.43548497095327, 
                "sigma": 2.3994531585402497
            }, 
            "E175": {
                "error_mean": 0.1234582036927066, 
                "error_sigma": 0.12763523348544936, 
                "mean": 149.09409020305714, 
                "sigma": 3.2436481441617353
            }, 
            "E20": {
                "error_mean": 0.036489608360798564, 
                "error_sigma": 0.029478974088886556, 
                "mean": 16.952929310580917, 
                "sigma": 0.8609029667628717
            }, 
            "E225": {
                "error_mean": 0.1389247907883966, 
                "error_sigma": 0.1310893191798077, 
                "mean": 191.97620816567525, 
                "sigma": 3.9394928168409162
            }, 
            "E300": {
                "error_mean": 0.17742554796364846, 
                "error_sigma": 0.184227077987269, 
                "mean": 256.1483210894132, 
                "sigma": 4.6321137840662425
            }, 
            "E60": {
                "error_mean": 0.06683501482367596, 
                "error_sigma": 0.06138505925819271, 
                "mean": 51.10797754639551, 
                "sigma": 1.6913311443055208
            }
        }, 
        "set1": {
            "E100": {
                "error_mean": 0.15814728183692547, 
                "error_sigma": 0.12557690898666052, 
                "mean": 89.47495653393555, 
                "sigma": 3.264291196327364
            }, 
            "E175": {
                "error_mean": 0.17731608633802395, 
                "error_sigma": 0.17106072090574376, 
                "mean": 156.12742416307404, 
                "sigma": 4.736776390229791
            }, 
            "E20": {
                "error_mean": 0.051345240017023744, 
                "error_sigma": 0.04961880945260366, 
                "mean": 17.71139920633859, 
                "sigma": 1.3056036657317303
            }, 
            "E225": {
                "error_mean": 0.1885961595804196, 
                "error_sigma": 0.1819285618812283, 
                "mean": 201.35411694381395, 
                "sigma": 5.114527626126788
            }, 
            "E300": {
                "error_mean": 0.23367424789250776, 
                "error_sigma": 0.18646467590579618, 
                "mean": 268.4793983769027, 
                "sigma": 5.820725863878153
            }, 
            "E60": {
                "error_mean": 0.08710321817603835, 
                "error_sigma": 0.07405062491765979, 
                "mean": 53.481403168516, 
                "sigma": 2.2394384153615983
            }
        }, 
        "set2": {
            "E100": {
                "error_mean": 0.18093991500271572, 
                "error_sigma": 0.14918724609354483, 
                "mean": 83.55401197296737, 
                "sigma": 3.4193235777718827
            }, 
            "E175": {
                "error_mean": 0.2047976672822574, 
                "error_sigma": 0.20421574544822763, 
                "mean": 146.0473588991328, 
                "sigma": 4.727868963861287
            }, 
            "E20": {
                "error_mean": 0.0506846911051034, 
                "error_sigma": 0.046001246221065606, 
                "mean": 16.62451825364836, 
                "sigma": 1.3901270639503616
            }, 
            "E225": {
                "error_mean": 0.1899564859834566, 
                "error_sigma": 0.17188971187117197, 
                "mean": 187.8639279523317, 
                "sigma": 5.076813052436506
            }, 
            "E300": {
                "error_mean": 0.2364568155812728, 
                "error_sigma": 0.23264322057196818, 
                "mean": 251.19959536225858, 
                "sigma": 6.334780033747501
            }, 
            "E60": {
                "error_mean": 0.10144492975393492, 
                "error_sigma": 0.10447280231761158, 
                "mean": 49.947484331671646, 
                "sigma": 2.5883893712365897
            }
        }
    }, 
    "MIP": {
        "set0": {
            "E100": {
                "error_mean": 7.355531427519565, 
                "error_sigma": 6.400740882361248, 
                "mean": 7617.480744158205, 
                "sigma": 202.13301874269126
            }, 
            "E175": {
                "error_mean": 10.422393532602742, 
                "error_sigma": 9.08937712536192, 
                "mean": 13293.057009483317, 
                "sigma": 293.3233220456968
            }, 
            "E20": {
                "error_mean": 2.9272305486906096, 
                "error_sigma": 2.588282564044242, 
                "mean": 1522.0712002932937, 
                "sigma": 80.81567001650046
            }, 
            "E225": {
                "error_mean": 12.094314731929936, 
                "error_sigma": 10.507494625878763, 
                "mean": 17088.748974810595, 
                "sigma": 341.2166615268992
            }, 
            "E300": {
                "error_mean": 17.704012810721828, 
                "error_sigma": 16.10074133717606, 
                "mean": 22766.548921019064, 
                "sigma": 436.9795901477859
            }, 
            "E60": {
                "error_mean": 6.154074480976095, 
                "error_sigma": 5.464961956549487, 
                "mean": 4575.391667519062, 
                "sigma": 157.11604767854496
            }
        }, 
        "set1": {
            "E100": {
                "error_mean": 5.603994277932373, 
                "error_sigma": 4.666196459514836, 
                "mean": 3985.1096237762517, 
                "sigma": 146.6415107359311
            }, 
            "E175": {
                "error_mean": 8.801475524271801, 
                "error_sigma": 7.73280341308643, 
                "mean": 6937.1829283660045, 
                "sigma": 224.7428297346926
            }, 
            "E20": {
                "error_mean": 2.279431980555929, 
                "error_sigma": 2.1125002494704184, 
                "mean": 795.2466785831635, 
                "sigma": 59.430966871830975
            }, 
            "E225": {
                "error_mean": 8.460207007509036, 
                "error_sigma": 7.536659596873534, 
                "mean": 8941.318987267849, 
                "sigma": 237.54824710388795
            }, 
            "E300": {
                "error_mean": 10.467174663575106, 
                "error_sigma": 10.322545232915218, 
                "mean": 11892.996564024284, 
                "sigma": 291.89038393403257
            }, 
            "E60": {
                "error_mean": 4.169645003080786, 
                "error_sigma": 3.405870504936729, 
                "mean": 2386.905924880894, 
                "sigma": 100.1970043834034
            }
        }, 
        "set2": {
            "E100": {
                "error_mean": 6.313178852562021, 
                "error_sigma": 5.898308805520983, 
                "mean": 3507.5363678199856, 
                "sigma": 173.1038593482139
            }, 
            "E175": {
                "error_mean": 9.927011396260054, 
                "error_sigma": 8.704194318818764, 
                "mean": 6245.939101319498, 
                "sigma": 267.2777039300344
            }, 
            "E20": {
                "error_mean": 2.3241830875159453, 
                "error_sigma": 2.4121002458664123, 
                "mean": 669.752203855103, 
                "sigma": 62.99726910773487
            }, 
            "E225": {
                "error_mean": 11.455821303865873, 
                "error_sigma": 8.785908569661046, 
                "mean": 8104.905870447173, 
                "sigma": 299.0563213414252
            },