{
    "ENE": {
        "set0": {
            "E100": {
                "error_mean": 0.07982074392953037, 
                "error_sigma": 0.06519543941461681, 
                "mean": 85.4354849709531, 
                "sigma": 2.3994531585402896
            }, 
            "E175": {
                "error_mean": 0.1234582038647322, 
                "error_sigma": 0.12763523448801384, 
                "mean": 149.0940902030571, 
                "sigma": 3.2436481441616887
            }, 
            "E20": {
                "error_mean": 0.03648960820627813, 
                "error_sigma": 0.029478973973788347, 
                "mean": 16.95292931058072, 
                "sigma": 0.8609029667628181
            }, 
            "E225": {
                "error_mean": 0.13892479008437436, 
                "error_sigma": 0.1310893187403286, 
                "mean": 191.97620816567763, 
                "sigma": 3.9394928168419012
            }, 
            "E300": {
                "error_mean": 0.177425548197031, 
                "error_sigma": 0.1842270805335655, 
                "mean": 256.1483210894129, 
                "sigma": 4.63211378406628
            }, 
            "E60": {
                "error_mean": 0.06683501488525105, 
                "error_sigma": 0.06138505936637817, 
                "mean": 51.10797754639572, 
                "sigma": 1.691331144305511
            }
        }, 
        "set1": {
            "E100": {
                "error_mean": 0.07547212892776364, 
                "error_sigma": 0.06715386633608755, 
                "mean": 44.499732297528446, 
                "sigma": 1.7195288668667192
            }, 
            "E175": {
                "error_mean": 0.09571683168797124, 
                "error_sigma": 0.10045450643865461, 
                "mean": 77.6688815432315, 
                "sigma": 2.4698274089109513
            }, 
            "E20": {
                "error_mean": 0.024021816106083133, 
                "error_sigma": 0.023680343353924937, 
                "mean": 8.880948368211483, 
                "sigma": 0.66589888625408
            }, 
            "E225": {
                "error_mean": 0.09810398252784305, 
                "error_sigma": 0.09558360098376473, 
                "mean": 100.10846814301044, 
                "sigma": 2.6692664938243245
            }, 
            "E300": {
                "error_mean": 0.1201002685564506, 
                "error_sigma": 0.11229133215298281, 
                "mean": 133.41260551808574, 
                "sigma": 3.10706078168509
            }, 
            "E60": {
                "error_mean": 0.04360439305763134, 
                "error_sigma": 0.03648505047418482, 
                "mean": 26.68448368184432, 
                "sigma": 1.1320621413374365
            }
        }, 
        "set2": {
            "E100": {
                "error_mean": 0.07304864898167052, 
                "error_sigma": 0.05734717664413813, 
                "mean": 39.175059288230734, 
                "sigma": 1.9328335841264024
            }, 
            "E175": {
                "error_mean": 0.1238391469067121, 
                "error_sigma": 0.11227229179247433, 
                "mean": 69.91859217080729, 
                "sigma": 3.191289407102668
            }, 
            "E20": {
                "error_mean": 0.025347806712926992, 
                "error_sigma": 0.02436377200069495, 
                "mean": 7.4571453093682045, 
                "sigma": 0.676002920690498
            }, 
            "E225": {
                "error_mean": 0.13553961918630705, 
                "error_sigma": 0.11776347162592504, 
                "mean": 90.69242649103494, 
                "sigma": 3.797275079102856
            }, 
            "E300": {
                "error_mean": 0.19560186086061157, 
                "error_sigma": 0.19411952163388957, 
                "mean": 122.27885027568048, 
                "sigma": 5.197817170951169
            }, 
            "E60": {
                "error_mean": 0.05290773899845201, 
                "error_sigma": 0.05048453284473675, 
                "mean": 23.061117425488785, 
                "sigma": 1.4419803830453446
            }
        }
    }, 
    "MIP": {
        "set0": {
            "E100": {
                "error_mean": 7.35553143510734, 
                "error_sigma": 6.4007408869852895, 
                "mean": 7617.4807441581115, 
                "sigma": 202.1330187427079
            }, 
            "E175": {
                "error_mean": 10.422393531945144, 
                "error_sigma": 9.089377128893233, 
                "mean": 13293.05700948324, 
                "sigma": 293.32332204569894
            }, 
            "E20": {
                "error_mean": 2.9272305548055213, 
                "error_sigma": 2.5882825693235247, 
                "mean": 1522.0712002932714, 
                "sigma": 80.81567001649212
            }, 
            "E225": {
                "error_mean": 12.094314737571246, 
                "error_sigma": 10.507494628247997, 
                "mean": 17088.748974810533, 
                "sigma": 341.21666152684963
            }, 
            "E300": {
                "error_mean": 17.704012811327953, 
                "error_sigma": 16.100741323615466, 
                "mean": 22766.54892101897, 
                "sigma": 436.9795901479056
            }, 
            "E60": {
                "error_mean": 6.154074478680478, 
                "error_sigma": 5.464961942575201, 
                "mean": 4575.391667519061, 
                "sigma": 157.1160476785502
            }
        }, 
        "set1": {
            "E100": {
                "error_mean": 5.60399427545224, 
                "error_sigma": 4.666196456664878, 
                "mean": 3985.109623776247, 
                "sigma": 146.6415107359186
            }, 
            "E175": {
                "error_mean": 8.801475473292939, 
                "error_sigma": 7.732803352228117, 
                "mean": 6937.1829283660345, 
                "sigma": 224.74282973469028
            }, 
            "E20": {
                "error_mean": 2.27943197120654, 
                "error_sigma": 2.112500216260699, 
                "mean": 795.246678583163, 
                "sigma": 59.430966871836006
            }, 
            "E225": {
                "error_mean": 8.460206987072658, 
                "error_sigma": 7.536659558738364, 
                "mean": 8941.318987267867, 
                "sigma": 237.54824710388795
            }, 
            "E300": {
                "error_mean": 10.46717465525011, 
                "error_sigma": 10.322545234039268, 
                "mean": 11892.996564024279, 
                "sigma": 291.8903839340357
            }, 
            "E60": {
                "error_mean": 4.169645008728873, 
                "error_sigma": 3.405870538862729, 
                "mean": 2386.9059248808803, 
                "sigma": 100.19700438338543
            }
        }, 
        "set2": {
            "E100": {
                "error_mean": 6.313178846389667, 
                "error_sigma": 5.898308797389717, 
                "mean": 3507.536367819981, 
                "sigma": 173.10385934822042
            }, 
            "E175": {
                "error_mean": 9.92701140755798, 
                "error_sigma": 8.70419432850045, 
                "mean": 6245.939101319494, 
                "sigma": 267.2777039301213
            }, 
            "E20": {
                "error_mean": 2.3241830923226585, 
                "error_sigma": 2.412100265114809, 
                "mean": 669.7522038551406, 
                "sigma": 62.99726910777506
            }, 
            "E225": {
                "error_mean": 11.455821308764925, 
                "error_sigma": 8.785908579681518, 
                "mean": 8104.905870447193, 
                "sigma": 299.0563213414356
            },