{
    "ENE": {
        "set0": {
            "E100": {
                "chi2": 1.184382533970652, 
                "ndf": 2, 
                "pvalue": 0.5531139355279384
            }, 
            "E175": {
                "chi2": 0.20264721205886752, 
                "ndf": 2, 
                "pvalue": 0.9036405620314362
            }, 
            "E20": {
                "chi2": 17.501176818163405, 
                "ndf": 6, 
                "pvalue": 0.0076075269850202736
            }, 
            "E225": {
                "chi2": 2.1579134008844445, 
                "ndf": 4, 
                "pvalue": 0.7067413519186113
            }, 
            "E300": {
                "chi2": 0.410275266086519, 
                "ndf": 4, 
                "pvalue": 0.9816270250524561
            }, 
            "E60": {
                "chi2": 14.03616885352607, 
                "ndf": 14, 
                "pvalue": 0.44701992169764965
            }
        }, 
        "set1": {
            "E100": {
                "chi2": 19.399058449018884, 
                "ndf": 10, 
                "pvalue": 0.03547718999049024
            }, 
            "E175": {
                "chi2": 19.149678302999924, 
                "ndf": 16, 
                "pvalue": 0.26097780399558734
            }, 
            "E20": {
                "chi2": 8.218257570973154, 
                "ndf": 10, 
                "pvalue": 0.607527224692588
            }, 
            "E225": {
                "chi2": 16.386336811719517, 
                "ndf": 18, 
                "pvalue": 0.5656043307860982
            }, 
            "E300": {
                "chi2": 16.477030399148966, 
                "ndf": 22, 
                "pvalue": 0.7915263943002797
            }, 
            "E60": {
                "chi2": 19.252748395401696, 
                "ndf": 22, 
                "pvalue": 0.6296734908141899
            }
        }, 
        "set2": {
            "E100": {
                "chi2": 18.960365420780956, 
                "ndf": 10, 
                "pvalue": 0.04076899914475448
            }, 
            "E175": {
                "chi2": 25.92262353103151, 
                "ndf": 16, 
                "pvalue": 0.0551267538925902
            }, 
            "E20": {
                "chi2": 18.379692322644583, 
                "ndf": 12, 
                "pvalue": 0.10463870643273215
            }, 
            "E225": {
                "chi2": 19.69258157768358, 
                "ndf": 20, 
                "pvalue": 0.4773018896848017
            }, 
            "E300": {
                "chi2": 22.630911971485272, 
                "ndf": 24, 
                "pvalue": 0.5416641444548635
            }, 
            "E60": {
                "chi2": 26.37483384224229, 
                "ndf": 22, 
                "pvalue": 0.23593692433036928
            }
        }
    }, 
    "MIP": {
        "set0": {
            "E100": {
                "chi2": 10.563023848835925, 
                "ndf": 14, 
                "pvalue": 0.7199711799416384
            }, 
            "E175": {
                "chi2": 26.576028811346454, 
                "ndf": 24, 
                "pvalue": 0.32459963745452003
            }, 
            "E20": {
                "chi2": 11.576349099954564, 
                "ndf": 4, 
                "pvalue": 0.020796044295892692
            }, 
            "E225": {
                "chi2": 17.480756802747266, 
                "ndf": 28, 
                "pvalue": 0.938479614521501
            }, 
            "E300": {
                "chi2": 25.488650362572063, 
                "ndf": 33, 
                "pvalue": 0.8217331226402267
            }, 
            "E60": {
                "chi2": 8.46970903937679, 
                "ndf": 10, 
                "pvalue": 0.583056408294268
            }
        }, 
        "set1": {
            "E100": {
                "chi2": 15.057489597879625, 
                "ndf": 10, 
                "pvalue": 0.12997990466734952
            }, 
            "E175": {
                "chi2": 9.646517539648865, 
                "ndf": 16, 
                "pvalue": 0.8844246829510609
            }, 
            "E20": {
                "chi2": 1.0716560730887585, 
                "ndf": 2, 
                "pvalue": 0.5851845352946962
            }, 
            "E225": {
                "chi2": 18.01465158053573, 
                "ndf": 18, 
                "pvalue": 0.4546877837132777
            }, 
            "E300": {
                "chi2": 15.064618966180465, 
                "ndf": 22, 
                "pvalue": 0.8594499479627756
            }, 
            "E60": {
                "chi2": 6.905590157204886, 
                "ndf": 6, 
                "pvalue": 0.32966654691016395
            }
        }, 
        "set2": {
            "E100": {
                "chi2": 18.304023906631, 
                "ndf": 12, 
                "pvalue": 0.10676630654760055
            }, 
            "E175": {
                "chi2": 28.95321413621248, 
                "ndf": 20, 
                "pvalue": 0.08868467796951467
            }, 
            "E20": {
                "chi2": 4.666749805397444, 
                "ndf": 2, 
                "pvalue": 0.09696793688502366
            }, 
            "E225": {
                "chi2": 50.00763042482241, 
                "ndf": 24, 
                "pvalue": 0.0014128115906203577
            }, 
            "E300": {
                "chi2": 34.744940193019005, 
                "ndf": 32, 
                "pvalue": 0.3384676997097392
            }, 
            "E60": {
                "chi2": 10.54596812073452, 
                "ndf": 8, 
                "pvalue": 0.22877528822983517
            }
        }
    }, 
    "SIM": {
        "set0": {
            "E100": {
                "chi2": 19.993547296675793, 
                "ndf": 10, 
                "pvalue": 0.02931377890831736
            }, 
            "E175": {
                "chi2": 13.257284990802528, 
                "ndf": 10, 
                "pvalue": 0.20964038727528872
            }, 
            "E20": {
                "chi2": 3.1644433012778515, 
                "ndf": 6, 
                "pvalue": 0.7879425204336694
            }, 
            "E225": {
                "chi2": 12.155148364248326, 
                "ndf": 10, 
                "pvalue": 0.2748072195156298
            }, 
            "E300": {
                "chi2": 14.927256753666097, 
                "ndf": 12, 
                "pvalue": 0.2454387165806364
            }, 
            "E60": {
                "chi2": 3.9519081700820924, 
                "ndf": 8, 
                "pvalue": 0.8614361824588402
            }
        }, 
        "set1": {
            "E100": {
                "chi2": 10.512734386827912, 
                "ndf": 6, 
                "pvalue": 0.10465480080136366
            }, 
            "E175": {
                "chi2": 3.7877700188153716, 
                "ndf": 6, 
                "pvalue": 0.7053709544159872
            }, 
            "E20": {
                "chi2": 0.11455999166812962, 
                "ndf": 2, 
                "pvalue": 0.9443296239857485
            }, 
            "E225": {
                "chi2": 9.105631127884639, 
                "ndf": 6, 
                "pvalue": 0.1677240245959059
            }, 
            "E300": {
                "chi2": 2.2284175741761105, 
                "ndf": 6, 
                "pvalue": 0.8975382783817228
            }, 
            "E60": {
                "chi2": 3.7553911998273923, 
                "ndf": 4, 
                "pvalue": 0.44012092293864846
            }
        }, 
        "set2": {
            "E100": {
                "chi2": 4.292532878745287, 
                "ndf": 4, 
                "pvalue": 0.36786106721099376
            }, 
            "E175": {
                "chi2": 4.4674964952281035, 
                "ndf": 4,