{
    "ENE": {
        "set0": {
            "E100": {
                "chi2": 1.1843825339706497, 
                "ndf": 2, 
                "pvalue": 0.5531139355279391
            }, 
            "E175": {
                "chi2": 0.20264721205886874, 
                "ndf": 2, 
                "pvalue": 0.9036405620314356
            }, 
            "E20": {
                "chi2": 17.50117681816339, 
                "ndf": 6, 
                "pvalue": 0.007607526985020314
            }, 
            "E225": {
                "chi2": 2.1579134008844267, 
                "ndf": 4, 
                "pvalue": 0.7067413519186146
            }, 
            "E300": {
                "chi2": 0.41027526608652165, 
                "ndf": 4, 
                "pvalue": 0.9816270250524559
            }, 
            "E60": {
                "chi2": 14.036168853526071, 
                "ndf": 14, 
                "pvalue": 0.447019921697649
            }
        }, 
        "set1": {
            "E100": {
                "chi2": 16.491495005174105, 
                "ndf": 4, 
                "pvalue": 0.0024258245634567613
            }, 
            "E175": {
                "chi2": 1.287940749958782, 
                "ndf": 6, 
                "pvalue": 0.9723184968034089
            }, 
            "E20": {
                "chi2": 7.377624821775159, 
                "ndf": 4, 
                "pvalue": 0.11722816936343114
            }, 
            "E225": {
                "chi2": 5.309245313374886, 
                "ndf": 8, 
                "pvalue": 0.7240698161322798
            }, 
            "E300": {
                "chi2": 7.271903554080884, 
                "ndf": 10, 
                "pvalue": 0.6995503734484998
            }, 
            "E60": {
                "chi2": 14.425474782926537, 
                "ndf": 10, 
                "pvalue": 0.15445379945332705
            }
        }, 
        "set2": {
            "E100": {
                "chi2": 4.690022228083209, 
                "ndf": 6, 
                "pvalue": 0.5841390425591262
            }, 
            "E175": {
                "chi2": 26.883298544132188, 
                "ndf": 10, 
                "pvalue": 0.0027173552777563837
            }, 
            "E20": {
                "chi2": 8.381293918879244, 
                "ndf": 4, 
                "pvalue": 0.07856817065727073
            }, 
            "E225": {
                "chi2": 12.194815188830667, 
                "ndf": 14, 
                "pvalue": 0.590660958196127
            }, 
            "E300": {
                "chi2": 10.61833610533034, 
                "ndf": 18, 
                "pvalue": 0.9098455295718609
            }, 
            "E60": {
                "chi2": 12.628910479166528, 
                "ndf": 12, 
                "pvalue": 0.3965797222187465
            }
        }
    }, 
    "MIP": {
        "set0": {
            "E100": {
                "chi2": 10.563023848835943, 
                "ndf": 14, 
                "pvalue": 0.7199711799416374
            }, 
            "E175": {
                "chi2": 26.576028811346454, 
                "ndf": 24, 
                "pvalue": 0.32459963745452003
            }, 
            "E20": {
                "chi2": 11.576349099954562, 
                "ndf": 4, 
                "pvalue": 0.020796044295892713
            }, 
            "E225": {
                "chi2": 17.480756802747283, 
                "ndf": 28, 
                "pvalue": 0.9384796145215
            }, 
            "E300": {
                "chi2": 25.48865036257207, 
                "ndf": 33, 
                "pvalue": 0.8217331226402267
            }, 
            "E60": {
                "chi2": 8.469709039376792, 
                "ndf": 10, 
                "pvalue": 0.583056408294268
            }
        }, 
        "set1": {
            "E100": {
                "chi2": 15.057489597879625, 
                "ndf": 10, 
                "pvalue": 0.12997990466734952
            }, 
            "E175": {
                "chi2": 9.64651753964887, 
                "ndf": 16, 
                "pvalue": 0.8844246829510606
            }, 
            "E20": {
                "chi2": 1.0716560730887552, 
                "ndf": 2, 
                "pvalue": 0.5851845352946972
            }, 
            "E225": {
                "chi2": 18.014651580535723, 
                "ndf": 18, 
                "pvalue": 0.4546877837132783
            }, 
            "E300": {
                "chi2": 15.064618966467112, 
                "ndf": 22, 
                "pvalue": 0.8594499479503424
            }, 
            "E60": {
                "chi2": 6.905590157204886, 
                "ndf": 6, 
                "pvalue": 0.32966654691016395
            }
        }, 
        "set2": {
            "E100": {
                "chi2": 18.30402390663099, 
                "ndf": 12, 
                "pvalue": 0.10676630654760062
            }, 
            "E175": {
                "chi2": 28.953214136212463, 
                "ndf": 20, 
                "pvalue": 0.08868467796951525
            }, 
            "E20": {
                "chi2": 4.6667498053974406, 
                "ndf": 2, 
                "pvalue": 0.09696793688502385
            }, 
            "E225": {
                "chi2": 50.007630424822416, 
                "ndf": 24, 
                "pvalue": 0.0014128115906203527
            }, 
            "E300": {
                "chi2": 34.744940193019, 
                "ndf": 32, 
                "pvalue": 0.3384676997097384
            }, 
            "E60": {
                "chi2": 10.545968120734532, 
                "ndf": 8, 
                "pvalue": 0.2287752882298344
            }
        }
    }, 
    "SIM": {
        "set0": {
            "E100": {
                "chi2": 19.9935472966758, 
                "ndf": 10, 
                "pvalue": 0.0293137789083173
            }, 
            "E175": {
                "chi2": 13.257284990802539, 
                "ndf": 10, 
                "pvalue": 0.20964038727528841
            }, 
            "E20": {
                "chi2": 3.164443301277848, 
                "ndf": 6, 
                "pvalue": 0.7879425204336699
            }, 
            "E225": {
                "chi2": 12.155148364248332, 
                "ndf": 10, 
                "pvalue": 0.2748072195156288
            }, 
            "E300": {
                "chi2": 14.927256753666104, 
                "ndf": 12, 
                "pvalue": 0.24543871658063615
            }, 
            "E60": {
                "chi2": 3.9519081700820906, 
                "ndf": 8, 
                "pvalue": 0.8614361824588405
            }
        }, 
        "set1": {
            "E100": {
                "chi2": 10.512734386827917, 
                "ndf": 6, 
                "pvalue": 0.10465480080136351
            }, 
            "E175": {
                "chi2": 3.7877700188153756, 
                "ndf": 6, 
                "pvalue": 0.7053709544159867
            }, 
            "E20": {
                "chi2": 0.11455999166812456, 
                "ndf": 2, 
                "pvalue": 0.9443296239857509
            }, 
            "E225": {
                "chi2": 9.105631127884635, 
                "ndf": 6, 
                "pvalue": 0.16772402459590596
            }, 
            "E300": {
                "chi2": 2.2284175741761105, 
                "ndf": 6, 
                "pvalue": 0.8975382783817228
            }, 
            "E60": {
                "chi2": 3.7553911998273914, 
                "ndf": 4, 
                "pvalue": 0.4401209229386486
            }
        }, 
        "set2": {
            "E100": {
                "chi2": 4.292532878745286, 
                "ndf": 4, 
                "pvalue": 0.3678610672109939
            }, 
            "E175": {
                "chi2": 4.467496495228105, 
                "ndf": 4,