{
    "ENE": {
        "set0": {
            "E100": {
                "error_mean": 0.07982074455801823, 
                "error_sigma": 0.06519543998924271, 
                "mean": 85.43548497095345, 
                "sigma": 2.3994531585401946
            }, 
            "E175": {
                "error_mean": 0.12345820355801272, 
                "error_sigma": 0.12763523198379012, 
                "mean": 149.0940902030568, 
                "sigma": 3.2436481441617055
            }, 
            "E20": {
                "error_mean": 0.03648960836260036, 
                "error_sigma": 0.02947897406863781, 
                "mean": 16.95292931058084, 
                "sigma": 0.860902966762787
            }, 
            "E225": {
                "error_mean": 0.1389247902019095, 
                "error_sigma": 0.13108931978405924, 
                "mean": 191.97620816567417, 
                "sigma": 3.9394928168398713
            }, 
            "E300": {
                "error_mean": 0.1774255476715789, 
                "error_sigma": 0.18422707933504467, 
                "mean": 256.14832108941295, 
                "sigma": 4.632113784065923
            }, 
            "E60": {
                "error_mean": 0.06683501483242939, 
                "error_sigma": 0.06138505935960292, 
                "mean": 51.107977546395915, 
                "sigma": 1.6913311443056611
            }
        }, 
        "set1": {
            "E100": {
                "error_mean": 0.15814728098689257, 
                "error_sigma": 0.12557690830165358, 
                "mean": 89.47495653393533, 
                "sigma": 3.2642911963271826
            }, 
            "E175": {
                "error_mean": 0.1773160862997955, 
                "error_sigma": 0.1710607207538275, 
                "mean": 156.1274241630741, 
                "sigma": 4.736776390229672
            }, 
            "E20": {
                "error_mean": 0.0513452399193488, 
                "error_sigma": 0.049618809079118975, 
                "mean": 17.711399206338633, 
                "sigma": 1.3056036657316261
            }, 
            "E225": {
                "error_mean": 0.1885961595348369, 
                "error_sigma": 0.1819285621644786, 
                "mean": 201.3541169438132, 
                "sigma": 5.114527626128288
            }, 
            "E300": {
                "error_mean": 0.2336742470544248, 
                "error_sigma": 0.18646467483167006, 
                "mean": 268.4793983769023, 
                "sigma": 5.820725863878607
            }, 
            "E60": {
                "error_mean": 0.08710321814942146, 
                "error_sigma": 0.0740506248668944, 
                "mean": 53.481403168515925, 
                "sigma": 2.2394384153614535
            }
        }, 
        "set2": {
            "E100": {
                "error_mean": 0.18093991616563077, 
                "error_sigma": 0.14918724810209083, 
                "mean": 83.55401197296729, 
                "sigma": 3.419323577771955
            }, 
            "E175": {
                "error_mean": 0.20479766739908972, 
                "error_sigma": 0.204215745338038, 
                "mean": 146.0473588991327, 
                "sigma": 4.727868963861846
            }, 
            "E20": {
                "error_mean": 0.05068469104364806, 
                "error_sigma": 0.04600124606282041, 
                "mean": 16.624518253648514, 
                "sigma": 1.3901270639503829
            }, 
            "E225": {
                "error_mean": 0.1899564861643586, 
                "error_sigma": 0.17188971235576078, 
                "mean": 187.86392795233203, 
                "sigma": 5.0768130524363135
            }, 
            "E300": {
                "error_mean": 0.23645681569867288, 
                "error_sigma": 0.23264322176772279, 
                "mean": 251.19959536225892, 
                "sigma": 6.334780033747947
            }, 
            "E60": {
                "error_mean": 0.10144492973337199, 
                "error_sigma": 0.10447280213939902, 
                "mean": 49.947484331672115, 
                "sigma": 2.588389371237566
            }
        }
    }, 
    "MIP": {
        "set0": {
            "E100": {
                "error_mean": 7.35553143510734, 
                "error_sigma": 6.4007408869852895, 
                "mean": 7617.4807441581115, 
                "sigma": 202.1330187427079
            }, 
            "E175": {
                "error_mean": 10.422393527751089, 
                "error_sigma": 9.08937712409795, 
                "mean": 13293.057009483457, 
                "sigma": 293.32332204576136
            }, 
            "E20": {
                "error_mean": 2.9272305548055213, 
                "error_sigma": 2.5882825693235247, 
                "mean": 1522.0712002932714, 
                "sigma": 80.81567001649212
            }, 
            "E225": {
                "error_mean": 12.09431473129931, 
                "error_sigma": 10.507494608880478, 
                "mean": 17088.748974810744, 
                "sigma": 341.21666152698714
            }, 
            "E300": {
                "error_mean": 17.704012811327953, 
                "error_sigma": 16.100741323615466, 
                "mean": 22766.54892101897, 
                "sigma": 436.9795901479056
            }, 
            "E60": {
                "error_mean": 6.154074478687994, 
                "error_sigma": 5.46496193649179, 
                "mean": 4575.391667519053, 
                "sigma": 157.11604767855613
            }
        }, 
        "set1": {
            "E100": {
                "error_mean": 5.60399427545224, 
                "error_sigma": 4.666196456664878, 
                "mean": 3985.109623776247, 
                "sigma": 146.6415107359186
            }, 
            "E175": {
                "error_mean": 8.801475461549915, 
                "error_sigma": 7.732803339602398, 
                "mean": 6937.182928366001, 
                "sigma": 224.74282973468914
            }, 
            "E20": {
                "error_mean": 2.27943197120654, 
                "error_sigma": 2.112500216260699, 
                "mean": 795.246678583163, 
                "sigma": 59.430966871836006
            }, 
            "E225": {
                "error_mean": 8.46020699015593, 
                "error_sigma": 7.536659563587463, 
                "mean": 8941.318987267861, 
                "sigma": 237.54824710387132
            }, 
            "E300": {
                "error_mean": 10.46717465525011, 
                "error_sigma": 10.322545234039268, 
                "mean": 11892.996564024279, 
                "sigma": 291.8903839340357
            }, 
            "E60": {
                "error_mean": 4.169645016901331, 
                "error_sigma": 3.40587053973875, 
                "mean": 2386.9059248808703, 
                "sigma": 100.1970043833916
            }
        }, 
        "set2": {
            "E100": {
                "error_mean": 6.313178846389667, 
                "error_sigma": 5.898308797389717, 
                "mean": 3507.536367819981, 
                "sigma": 173.10385934822042
            }, 
            "E175": {
                "error_mean": 9.927011401988514, 
                "error_sigma": 8.70419431415246, 
                "mean": 6245.939101319469, 
                "sigma": 267.2777039300916
            }, 
            "E20": {
                "error_mean": 2.3241830923226585, 
                "error_sigma": 2.412100265114809, 
                "mean": 669.7522038551406, 
                "sigma": 62.99726910777506
            }, 
            "E225": {
                "error_mean": 11.455821314018497, 
                "error_sigma": 8.785908566564473, 
                "mean": 8104.905870447193, 
                "sigma": 299.05632134140876
            },