{
    "ENE": {
        "set0": {
            "E100": {
                "error_mean": 0.08827373356945903, 
                "error_sigma": 0.0724543030770819, 
                "mean": 99.56850328169584, 
                "sigma": 2.5659665471921036
            }, 
            "E175": {
                "error_mean": 0.14229694471552132, 
                "error_sigma": 0.16009877244982973, 
                "mean": 173.87753000432008, 
                "sigma": 3.5588375249108277
            }, 
            "E20": {
                "error_mean": 0.03518921858948491, 
                "error_sigma": 0.03169687753308581, 
                "mean": 19.8227418898575, 
                "sigma": 1.0033542665092432
            }, 
            "E225": {
                "error_mean": 0.14287758313113175, 
                "error_sigma": 0.13498223254608188, 
                "mean": 223.82048374412392, 
                "sigma": 4.029253348503319
            }, 
            "E300": {
                "error_mean": 0.1754657980272768, 
                "error_sigma": 0.1575993579992212, 
                "mean": 298.3986004298305, 
                "sigma": 5.038411329451227
            }, 
            "E60": {
                "error_mean": 0.06279034375199882, 
                "error_sigma": 0.05315235169270449, 
                "mean": 59.606251981431264, 
                "sigma": 1.7456915794552776
            }
        }, 
        "set1": {
            "E100": {
                "error_mean": 0.12831701828303838, 
                "error_sigma": 0.11416430250800902, 
                "mean": 105.33828144166274, 
                "sigma": 3.561696495673484
            }, 
            "E175": {
                "error_mean": 0.21003835012437025, 
                "error_sigma": 0.17526430674134152, 
                "mean": 184.25358775129757, 
                "sigma": 5.0313226441799435
            }, 
            "E20": {
                "error_mean": 0.05443844523945602, 
                "error_sigma": 0.05278921294598271, 
                "mean": 20.922494390326456, 
                "sigma": 1.4804546779930432
            }, 
            "E225": {
                "error_mean": 0.27817744509294373, 
                "error_sigma": 0.2310068804895753, 
                "mean": 237.37032356052617, 
                "sigma": 5.700434955233769
            }, 
            "E300": {
                "error_mean": 0.2423459219008982, 
                "error_sigma": 0.21922849948620593, 
                "mean": 316.2378043972092, 
                "sigma": 6.518509192771507
            }, 
            "E60": {
                "error_mean": 0.09365764220921602, 
                "error_sigma": 0.09342734250738616, 
                "mean": 63.15886481464978, 
                "sigma": 2.55866309483238
            }
        }, 
        "set2": {
            "E100": {
                "error_mean": 0.12904859015721915, 
                "error_sigma": 0.1106886885803211, 
                "mean": 97.14242107935158, 
                "sigma": 3.5095850436498917
            }, 
            "E175": {
                "error_mean": 0.16552938363324216, 
                "error_sigma": 0.1441172956426504, 
                "mean": 170.22779755788267, 
                "sigma": 4.572150129057733
            }, 
            "E20": {
                "error_mean": 0.05531004646344255, 
                "error_sigma": 0.04862280451322987, 
                "mean": 19.306727851731758, 
                "sigma": 1.407237773628503
            }, 
            "E225": {
                "error_mean": 0.22161470063882371, 
                "error_sigma": 0.22955250578955289, 
                "mean": 219.22200996276578, 
                "sigma": 5.7294810248742465
            }, 
            "E300": {
                "error_mean": 0.2571821629594391, 
                "error_sigma": 0.23363655571737807, 
                "mean": 292.8772643960023, 
                "sigma": 6.806544731442133
            }, 
            "E60": {
                "error_mean": 0.10308146219441784, 
                "error_sigma": 0.10458910692239409, 
                "mean": 58.17279238168086, 
                "sigma": 2.7299839433084867
            }
        }
    }, 
    "MIP": {
        "set0": {
            "E100": {
                "error_mean": 8.06989514972653, 
                "error_sigma": 7.268160063363922, 
                "mean": 8856.316216123554, 
                "sigma": 222.65558002240113
            }, 
            "E175": {
                "error_mean": 11.118056560049705, 
                "error_sigma": 9.317482491726565, 
                "mean": 15446.93162653013, 
                "sigma": 312.08317941013627
            }, 
            "E20": {
                "error_mean": 3.424934593106261, 
                "error_sigma": 3.5678989545274504, 
                "mean": 1770.2481534576036, 
                "sigma": 90.84429851248
            }, 
            "E225": {
                "error_mean": 13.008406347109963, 
                "error_sigma": 11.197811099313554, 
                "mean": 19823.20823992301, 
                "sigma": 364.3401560303953
            }, 
            "E300": {
                "error_mean": 19.505016607500515, 
                "error_sigma": 18.45294139535943, 
                "mean": 26385.561624403585, 
                "sigma": 475.91623528563724
            }, 
            "E60": {
                "error_mean": 6.981015997352048, 
                "error_sigma": 6.313405191922314, 
                "mean": 5309.857071842254, 
                "sigma": 167.68357978734463
            }
        }, 
        "set1": {
            "E100": {
                "error_mean": 6.26525326298722, 
                "error_sigma": 6.143937830704942, 
                "mean": 4666.85018933647, 
                "sigma": 163.39892626044897
            }, 
            "E175": {
                "error_mean": 8.780794156034538, 
                "error_sigma": 7.854903198522948, 
                "mean": 8140.283399001841, 
                "sigma": 232.14873363417306
            }, 
            "E20": {
                "error_mean": 2.5236445506056797, 
                "error_sigma": 2.5193952543233067, 
                "mean": 935.147425709556, 
                "sigma": 64.18253267293883
            }, 
            "E225": {
                "error_mean": 9.495046903780924, 
                "error_sigma": 8.746635462317258, 
                "mean": 10465.788484788267, 
                "sigma": 263.34703916018293
            }, 
            "E300": {
                "error_mean": 11.369205932415952, 
                "error_sigma": 10.57718439831217, 
                "mean": 13927.643007488678, 
                "sigma": 314.0654485074896
            }, 
            "E60": {
                "error_mean": 4.488075910624321, 
                "error_sigma": 4.195921850082634, 
                "mean": 2805.0847494353447, 
                "sigma": 110.91924545522845
            }
        }, 
        "set2": {
            "E100": {
                "error_mean": 6.933139063310808, 
                "error_sigma": 6.118150554719506, 
                "mean": 4123.357791901498, 
                "sigma": 186.6615371431838
            }, 
            "E175": {
                "error_mean": 10.087592330777648, 
                "error_sigma": 9.25346785358417, 
                "mean": 7325.254767309285, 
                "sigma": 275.0387687110553
            }, 
            "E20": {
                "error_mean": 2.682168125041536, 
                "error_sigma": 2.7828517227972647, 
                "mean": 788.2091321860117, 
                "sigma": 66.2200207461232
            }, 
            "E225": {
                "error_mean": 12.749520788656056, 
                "error_sigma": 12.374289388077898, 
                "mean": 9495.037745623698, 
                "sigma": 348.1186568327879
            },