{
    "ENE": {
        "set0": {
            "E100": {
                "chi2": 0.20791310854978812, 
                "ndf": 2, 
                "pvalue": 0.9012644526582927
            }, 
            "E175": {
                "chi2": 0.09696045927327222, 
                "ndf": 2, 
                "pvalue": 0.9526761738737768
            }, 
            "E20": {
                "chi2": 1.3896871581289725, 
                "ndf": 8, 
                "pvalue": 0.994391686542383
            }, 
            "E225": {
                "chi2": 4.467771093391393, 
                "ndf": 4, 
                "pvalue": 0.346386118469508
            }, 
            "E300": {
                "chi2": 3.91173259361595, 
                "ndf": 6, 
                "pvalue": 0.6886201502668262
            }, 
            "E60": {
                "chi2": 24.21343536311355, 
                "ndf": 16, 
                "pvalue": 0.08494537175723088
            }
        }, 
        "set1": {
            "E100": {
                "chi2": 7.823646439999635, 
                "ndf": 12, 
                "pvalue": 0.7987555012619171
            }, 
            "E175": {
                "chi2": 14.343977459417024, 
                "ndf": 18, 
                "pvalue": 0.7064082274594052
            }, 
            "E20": {
                "chi2": 9.21845165836081, 
                "ndf": 12, 
                "pvalue": 0.6841671770512734
            }, 
            "E225": {
                "chi2": 27.80713152762724, 
                "ndf": 20, 
                "pvalue": 0.11404416616003003
            }, 
            "E300": {
                "chi2": 32.381517954098065, 
                "ndf": 24, 
                "pvalue": 0.11781048113959613
            }, 
            "E60": {
                "chi2": 31.46402530321477, 
                "ndf": 24, 
                "pvalue": 0.14084902042560837
            }
        }, 
        "set2": {
            "E100": {
                "chi2": 9.559565920797171, 
                "ndf": 12, 
                "pvalue": 0.6545377782153958
            }, 
            "E175": {
                "chi2": 21.45247371370098, 
                "ndf": 18, 
                "pvalue": 0.25720253940012433
            }, 
            "E20": {
                "chi2": 33.31825000589168, 
                "ndf": 12, 
                "pvalue": 0.0008632506350249678
            }, 
            "E225": {
                "chi2": 21.157028050129878, 
                "ndf": 20, 
                "pvalue": 0.38794237009214233
            }, 
            "E300": {
                "chi2": 32.17019907189585, 
                "ndf": 26, 
                "pvalue": 0.1875537589335501
            }, 
            "E60": {
                "chi2": 27.64947766282011, 
                "ndf": 24, 
                "pvalue": 0.27510146991816453
            }
        }
    }, 
    "MIP": {
        "set0": {
            "E100": {
                "chi2": 7.560871878260428, 
                "ndf": 16, 
                "pvalue": 0.960878013369477
            }, 
            "E175": {
                "chi2": 17.361194312279306, 
                "ndf": 26, 
                "pvalue": 0.8977654182054449
            }, 
            "E20": {
                "chi2": 3.741525192457816, 
                "ndf": 4, 
                "pvalue": 0.4421151595898809
            }, 
            "E225": {
                "chi2": 22.925674255686655, 
                "ndf": 30, 
                "pvalue": 0.8183030071864681
            }, 
            "E300": {
                "chi2": 47.16480892994831, 
                "ndf": 36, 
                "pvalue": 0.10082075235932875
            }, 
            "E60": {
                "chi2": 7.835866330787113, 
                "ndf": 10, 
                "pvalue": 0.6448655264143656
            }
        }, 
        "set1": {
            "E100": {
                "chi2": 2.9256791175229333, 
                "ndf": 10, 
                "pvalue": 0.9831193241866261
            }, 
            "E175": {
                "chi2": 13.362417332110862, 
                "ndf": 16, 
                "pvalue": 0.6460972642253551
            }, 
            "E20": {
                "chi2": 4.062691557644976, 
                "ndf": 2, 
                "pvalue": 0.13115889146439333
            }, 
            "E225": {
                "chi2": 22.52066376683266, 
                "ndf": 20, 
                "pvalue": 0.31293883488593305
            }, 
            "E300": {
                "chi2": 28.38627465125347, 
                "ndf": 24, 
                "pvalue": 0.24408512720698175
            }, 
            "E60": {
                "chi2": 5.521533797560725, 
                "ndf": 6, 
                "pvalue": 0.4788578829025102
            }
        }, 
        "set2": {
            "E100": {
                "chi2": 9.445609143515192, 
                "ndf": 13, 
                "pvalue": 0.7385180040864512
            }, 
            "E175": {
                "chi2": 20.155457510041302, 
                "ndf": 20, 
                "pvalue": 0.44824363638675374
            }, 
            "E20": {
                "chi2": 4.0977783094800015, 
                "ndf": 2, 
                "pvalue": 0.1288779876026375
            }, 
            "E225": {
                "chi2": 20.71772498990867, 
                "ndf": 26, 
                "pvalue": 0.7563836572409621
            }, 
            "E300": {
                "chi2": 32.88845921509906, 
                "ndf": 34, 
                "pvalue": 0.5219762607411416
            }, 
            "E60": {
                "chi2": 6.10481578797129, 
                "ndf": 8, 
                "pvalue": 0.6354921053731375
            }
        }
    }, 
    "SIM": {
        "set0": {
            "E100": {
                "chi2": 56.45837316691105, 
                "ndf": 24, 
                "pvalue": 0.00019843398191957606
            }, 
            "E175": {
                "chi2": 90.20194618166234, 
                "ndf": 30, 
                "pvalue": 6.120129952975995e-08
            }, 
            "E20": {
                "chi2": 9.425779907376146, 
                "ndf": 8, 
                "pvalue": 0.3076596419140124
            }, 
            "E225": {
                "chi2": 75.17135841730179, 
                "ndf": 33, 
                "pvalue": 3.920864823822956e-05
            }, 
            "E300": {
                "chi2": 72.29928974676835, 
                "ndf": 38, 
                "pvalue": 0.0006601633368940909
            }, 
            "E60": {
                "chi2": 82.71914197854755, 
                "ndf": 18, 
                "pvalue": 2.8530188200795973e-10
            }
        }, 
        "set1": {
            "E100": {
                "chi2": 39.95211188433876, 
                "ndf": 14, 
                "pvalue": 0.00025954633798936765
            }, 
            "E175": {
                "chi2": 51.87824424366069, 
                "ndf": 16, 
                "pvalue": 1.1460784089625078e-05
            }, 
            "E20": {
                "chi2": 4.231599156028388, 
                "ndf": 4, 
                "pvalue": 0.37556873609275077
            }, 
            "E225": {
                "chi2": 36.27746410130615, 
                "ndf": 18, 
                "pvalue": 0.00650026709293517
            }, 
            "E300": {
                "chi2": 46.597488873179124, 
                "ndf": 21, 
                "pvalue": 0.0010635397154770854
            }, 
            "E60": {
                "chi2": 29.802921970883673, 
                "ndf": 10, 
                "pvalue": 0.0009225765108292861
            }
        }, 
        "set2": {
            "E100": {
                "chi2": 45.036445374974626, 
                "ndf": 12, 
                "pvalue": 1.0157896746078398e-05
            }, 
            "E175": {
                "chi2": 68.00430013270285,