{
    "ENE": {
        "set0": {
            "E100": {
                "chi2": 0.20791310854978545, 
                "ndf": 2, 
                "pvalue": 0.9012644526582939
            }, 
            "E175": {
                "chi2": 0.09696045927327179, 
                "ndf": 2, 
                "pvalue": 0.952676173873777
            }, 
            "E20": {
                "chi2": 1.3896871581289671, 
                "ndf": 8, 
                "pvalue": 0.9943916865423831
            }, 
            "E225": {
                "chi2": 4.467771093391381, 
                "ndf": 4, 
                "pvalue": 0.34638611846950956
            }, 
            "E300": {
                "chi2": 3.9117325936159357, 
                "ndf": 6, 
                "pvalue": 0.6886201502668281
            }, 
            "E60": {
                "chi2": 24.213435363113547, 
                "ndf": 16, 
                "pvalue": 0.0849453717572308
            }
        }, 
        "set1": {
            "E100": {
                "chi2": 8.607406735636141, 
                "ndf": 12, 
                "pvalue": 0.7360467266139818
            }, 
            "E175": {
                "chi2": 16.601868279755355, 
                "ndf": 18, 
                "pvalue": 0.5506186549077449
            }, 
            "E20": {
                "chi2": 9.569550649916367, 
                "ndf": 12, 
                "pvalue": 0.6536660479646368
            }, 
            "E225": {
                "chi2": 29.717784795233236, 
                "ndf": 20, 
                "pvalue": 0.07455743898197095
            }, 
            "E300": {
                "chi2": 26.814780469627372, 
                "ndf": 24, 
                "pvalue": 0.3131605623279994
            }, 
            "E60": {
                "chi2": 28.860602698964332, 
                "ndf": 24, 
                "pvalue": 0.22542123984669102
            }
        }, 
        "set2": {
            "E100": {
                "chi2": 10.668659241298398, 
                "ndf": 12, 
                "pvalue": 0.5575075834178387
            }, 
            "E175": {
                "chi2": 22.898852145548343, 
                "ndf": 18, 
                "pvalue": 0.1945069869535773
            }, 
            "E20": {
                "chi2": 34.965642730070684, 
                "ndf": 12, 
                "pvalue": 0.0004742451955497569
            }, 
            "E225": {
                "chi2": 19.0142844362985, 
                "ndf": 20, 
                "pvalue": 0.520897691019288
            }, 
            "E300": {
                "chi2": 33.74153344775005, 
                "ndf": 26, 
                "pvalue": 0.14165627595663224
            }, 
            "E60": {
                "chi2": 25.81268398295211, 
                "ndf": 24, 
                "pvalue": 0.36273750840301044
            }
        }
    }, 
    "MIP": {
        "set0": {
            "E100": {
                "chi2": 7.560871878260428, 
                "ndf": 16, 
                "pvalue": 0.960878013369477
            }, 
            "E175": {
                "chi2": 17.361194312279302, 
                "ndf": 26, 
                "pvalue": 0.8977654182054456
            }, 
            "E20": {
                "chi2": 3.741525192457816, 
                "ndf": 4, 
                "pvalue": 0.4421151595898809
            }, 
            "E225": {
                "chi2": 22.925674255686644, 
                "ndf": 30, 
                "pvalue": 0.8183030071864683
            }, 
            "E300": {
                "chi2": 47.16480892994831, 
                "ndf": 36, 
                "pvalue": 0.10082075235932875
            }, 
            "E60": {
                "chi2": 7.835866330787099, 
                "ndf": 10, 
                "pvalue": 0.6448655264143667
            }
        }, 
        "set1": {
            "E100": {
                "chi2": 2.9256791175229333, 
                "ndf": 10, 
                "pvalue": 0.9831193241866261
            }, 
            "E175": {
                "chi2": 13.36241733211087, 
                "ndf": 16, 
                "pvalue": 0.6460972642253546
            }, 
            "E20": {
                "chi2": 4.062691557644976, 
                "ndf": 2, 
                "pvalue": 0.13115889146439333
            }, 
            "E225": {
                "chi2": 22.520663766832666, 
                "ndf": 20, 
                "pvalue": 0.31293883488593177
            }, 
            "E300": {
                "chi2": 28.38627465125347, 
                "ndf": 24, 
                "pvalue": 0.24408512720698175
            }, 
            "E60": {
                "chi2": 5.521533797560723, 
                "ndf": 6, 
                "pvalue": 0.47885788290251063
            }
        }, 
        "set2": {
            "E100": {
                "chi2": 9.445609143515192, 
                "ndf": 13, 
                "pvalue": 0.7385180040864512
            }, 
            "E175": {
                "chi2": 20.155457510041288, 
                "ndf": 20, 
                "pvalue": 0.44824363638675274
            }, 
            "E20": {
                "chi2": 4.0977783094800015, 
                "ndf": 2, 
                "pvalue": 0.1288779876026375
            }, 
            "E225": {
                "chi2": 20.717724989908675, 
                "ndf": 26, 
                "pvalue": 0.756383657240963
            }, 
            "E300": {
                "chi2": 32.88845921509906, 
                "ndf": 34, 
                "pvalue": 0.5219762607411416
            }, 
            "E60": {
                "chi2": 6.104815787971281, 
                "ndf": 8, 
                "pvalue": 0.6354921053731386
            }
        }
    }, 
    "SIM": {
        "set0": {
            "E100": {
                "chi2": 56.45837316691105, 
                "ndf": 24, 
                "pvalue": 0.00019843398191957606
            }, 
            "E175": {
                "chi2": 90.20194618166234, 
                "ndf": 30, 
                "pvalue": 6.120129952975995e-08
            }, 
            "E20": {
                "chi2": 9.425779907376146, 
                "ndf": 8, 
                "pvalue": 0.3076596419140124
            }, 
            "E225": {
                "chi2": 75.17135841730178, 
                "ndf": 33, 
                "pvalue": 3.920864823822956e-05
            }, 
            "E300": {
                "chi2": 72.29928974676835, 
                "ndf": 38, 
                "pvalue": 0.0006601633368940909
            }, 
            "E60": {
                "chi2": 82.71914197854757, 
                "ndf": 18, 
                "pvalue": 2.8530188200795756e-10
            }
        }, 
        "set1": {
            "E100": {
                "chi2": 39.95211188433876, 
                "ndf": 14, 
                "pvalue": 0.00025954633798936765
            }, 
            "E175": {
                "chi2": 51.87824424366071, 
                "ndf": 16, 
                "pvalue": 1.1460784089624993e-05
            }, 
            "E20": {
                "chi2": 4.231599156028388, 
                "ndf": 4, 
                "pvalue": 0.37556873609275077
            }, 
            "E225": {
                "chi2": 36.27746410130615, 
                "ndf": 18, 
                "pvalue": 0.00650026709293517
            }, 
            "E300": {
                "chi2": 46.597488873179124, 
                "ndf": 21, 
                "pvalue": 0.0010635397154770854
            }, 
            "E60": {
                "chi2": 29.802921970883673, 
                "ndf": 10, 
                "pvalue": 0.0009225765108292861
            }
        }, 
        "set2": {
            "E100": {
                "chi2": 45.036445374974626, 
                "ndf": 12, 
                "pvalue": 1.0157896746078398e-05
            }, 
            "E175": {
                "chi2": 68.00430013270285,