{
    "ENE": {
        "set0": {
            "E100": {
                "error_mean": 0.08827373335724537, 
                "error_sigma": 0.07245430267669617, 
                "mean": 99.56850328169548, 
                "sigma": 2.5659665471918975
            }, 
            "E175": {
                "error_mean": 0.14229694480942234, 
                "error_sigma": 0.16009877305967413, 
                "mean": 173.87753000432033, 
                "sigma": 3.5588375249106696
            }, 
            "E20": {
                "error_mean": 0.035189218399838636, 
                "error_sigma": 0.03169687728791182, 
                "mean": 19.822741889857593, 
                "sigma": 1.0033542665092274
            }, 
            "E225": {
                "error_mean": 0.14287758207550613, 
                "error_sigma": 0.1349822314490179, 
                "mean": 223.8204837441235, 
                "sigma": 4.0292533485031035
            }, 
            "E300": {
                "error_mean": 0.17546579714066923, 
                "error_sigma": 0.1575993555564379, 
                "mean": 298.3986004298295, 
                "sigma": 5.038411329451349
            }, 
            "E60": {
                "error_mean": 0.06279034371229249, 
                "error_sigma": 0.053152351673324105, 
                "mean": 59.60625198143108, 
                "sigma": 1.7456915794553038
            }
        }, 
        "set1": {
            "E100": {
                "error_mean": 0.12793234641560758, 
                "error_sigma": 0.11326450566327484, 
                "mean": 105.36638900636648, 
                "sigma": 3.5526429996087363
            }, 
            "E175": {
                "error_mean": 0.20883551638924075, 
                "error_sigma": 0.17504657365134468, 
                "mean": 184.28140274985435, 
                "sigma": 5.013407860251842
            }, 
            "E20": {
                "error_mean": 0.05451579433681808, 
                "error_sigma": 0.05311202852071273, 
                "mean": 20.942791572384188, 
                "sigma": 1.4821988089539688
            }, 
            "E225": {
                "error_mean": 0.2842092384097688, 
                "error_sigma": 0.23695805217650356, 
                "mean": 237.42173789439173, 
                "sigma": 5.728224732709927
            }, 
            "E300": {
                "error_mean": 0.23995577516506464, 
                "error_sigma": 0.21610869243382647, 
                "mean": 316.23582779370304, 
                "sigma": 6.492061914468613
            }, 
            "E60": {
                "error_mean": 0.09372557546776551, 
                "error_sigma": 0.0944993787698245, 
                "mean": 63.16485287650542, 
                "sigma": 2.56604288445339
            }
        }, 
        "set2": {
            "E100": {
                "error_mean": 0.12731008232478186, 
                "error_sigma": 0.10954807841401948, 
                "mean": 97.15803823637218, 
                "sigma": 3.4859159447474797
            }, 
            "E175": {
                "error_mean": 0.16513623059829555, 
                "error_sigma": 0.14180246416396747, 
                "mean": 170.20760157043384, 
                "sigma": 4.544109015142662
            }, 
            "E20": {
                "error_mean": 0.056341688241302014, 
                "error_sigma": 0.05202184495183604, 
                "mean": 19.369881070923206, 
                "sigma": 1.457937119239156
            }, 
            "E225": {
                "error_mean": 0.22059931910089337, 
                "error_sigma": 0.22880184415283766, 
                "mean": 219.2494765442274, 
                "sigma": 5.722236112556716
            }, 
            "E300": {
                "error_mean": 0.2593475640907914, 
                "error_sigma": 0.23715741915986, 
                "mean": 292.8785310877839, 
                "sigma": 6.837696148335196
            }, 
            "E60": {
                "error_mean": 0.10329170225639478, 
                "error_sigma": 0.10520580157244086, 
                "mean": 58.200787250149396, 
                "sigma": 2.7360757356434386
            }
        }
    }, 
    "MIP": {
        "set0": {
            "E100": {
                "error_mean": 8.06989514972653, 
                "error_sigma": 7.268160063363922, 
                "mean": 8856.316216123554, 
                "sigma": 222.65558002240113
            }, 
            "E175": {
                "error_mean": 11.118056561190155, 
                "error_sigma": 9.317482510771441, 
                "mean": 15446.931626530135, 
                "sigma": 312.08317941014684
            }, 
            "E20": {
                "error_mean": 3.424934593106261, 
                "error_sigma": 3.5678989545274504, 
                "mean": 1770.2481534576036, 
                "sigma": 90.84429851248
            }, 
            "E225": {
                "error_mean": 13.008406344556892, 
                "error_sigma": 11.19781109256553, 
                "mean": 19823.208239923304, 
                "sigma": 364.3401560305221
            }, 
            "E300": {
                "error_mean": 19.505016607500515, 
                "error_sigma": 18.45294139535943, 
                "mean": 26385.561624403585, 
                "sigma": 475.91623528563724
            }, 
            "E60": {
                "error_mean": 6.981015968313768, 
                "error_sigma": 6.313405152868583, 
                "mean": 5309.857071842236, 
                "sigma": 167.6835797873615
            }
        }, 
        "set1": {
            "E100": {
                "error_mean": 6.26525326298722, 
                "error_sigma": 6.143937830704942, 
                "mean": 4666.85018933647, 
                "sigma": 163.39892626044897
            }, 
            "E175": {
                "error_mean": 8.78079415683144, 
                "error_sigma": 7.854903224830224, 
                "mean": 8140.283399001821, 
                "sigma": 232.14873363416825
            }, 
            "E20": {
                "error_mean": 2.5236445506056797, 
                "error_sigma": 2.5193952543233067, 
                "mean": 935.147425709556, 
                "sigma": 64.18253267293883
            }, 
            "E225": {
                "error_mean": 9.495046912339651, 
                "error_sigma": 8.746635481231294, 
                "mean": 10465.788484788258, 
                "sigma": 263.3470391602465
            }, 
            "E300": {
                "error_mean": 11.369205932415952, 
                "error_sigma": 10.57718439831217, 
                "mean": 13927.643007488678, 
                "sigma": 314.0654485074896
            }, 
            "E60": {
                "error_mean": 4.488075898456747, 
                "error_sigma": 4.195921833334268, 
                "mean": 2805.084749435339, 
                "sigma": 110.91924545521765
            }
        }, 
        "set2": {
            "E100": {
                "error_mean": 6.933139063310808, 
                "error_sigma": 6.118150554719506, 
                "mean": 4123.357791901498, 
                "sigma": 186.6615371431838
            }, 
            "E175": {
                "error_mean": 10.087592309386876, 
                "error_sigma": 9.25346781631464, 
                "mean": 7325.254767309292, 
                "sigma": 275.03876871105484
            }, 
            "E20": {
                "error_mean": 2.682168125041536, 
                "error_sigma": 2.7828517227972647, 
                "mean": 788.2091321860117, 
                "sigma": 66.2200207461232
            }, 
            "E225": {
                "error_mean": 12.749520785754909, 
                "error_sigma": 12.374289370355967, 
                "mean": 9495.037745623677, 
                "sigma": 348.11865683284157
            },