{
    "ENE": {
        "set0": {
            "E100": {
                "chi2": 0.2079131085497854, 
                "ndf": 2, 
                "pvalue": 0.9012644526582939
            }, 
            "E175": {
                "chi2": 0.0969604592732699, 
                "ndf": 2, 
                "pvalue": 0.9526761738737779
            }, 
            "E20": {
                "chi2": 1.3896871581289694, 
                "ndf": 8, 
                "pvalue": 0.9943916865423831
            }, 
            "E225": {
                "chi2": 4.467771093391378, 
                "ndf": 4, 
                "pvalue": 0.34638611846950995
            }, 
            "E300": {
                "chi2": 3.9117325936159335, 
                "ndf": 6, 
                "pvalue": 0.6886201502668283
            }, 
            "E60": {
                "chi2": 24.213435363113554, 
                "ndf": 16, 
                "pvalue": 0.08494537175723076
            }
        }, 
        "set1": {
            "E100": {
                "chi2": 8.60740673563614, 
                "ndf": 12, 
                "pvalue": 0.7360467266139823
            }, 
            "E175": {
                "chi2": 16.60186827975536, 
                "ndf": 18, 
                "pvalue": 0.5506186549077445
            }, 
            "E20": {
                "chi2": 9.56955064991637, 
                "ndf": 12, 
                "pvalue": 0.653666047964637
            }, 
            "E225": {
                "chi2": 29.717784795233218, 
                "ndf": 20, 
                "pvalue": 0.07455743898197147
            }, 
            "E300": {
                "chi2": 26.814780469627372, 
                "ndf": 24, 
                "pvalue": 0.3131605623279994
            }, 
            "E60": {
                "chi2": 28.860602698964325, 
                "ndf": 24, 
                "pvalue": 0.22542123984669138
            }
        }, 
        "set2": {
            "E100": {
                "chi2": 10.668659241298418, 
                "ndf": 12, 
                "pvalue": 0.5575075834178371
            }, 
            "E175": {
                "chi2": 22.89885214554836, 
                "ndf": 18, 
                "pvalue": 0.19450698695357588
            }, 
            "E20": {
                "chi2": 34.96564273007068, 
                "ndf": 12, 
                "pvalue": 0.0004742451955497587
            }, 
            "E225": {
                "chi2": 19.014284436298507, 
                "ndf": 20, 
                "pvalue": 0.5208976910192874
            }, 
            "E300": {
                "chi2": 33.741533447750065, 
                "ndf": 26, 
                "pvalue": 0.1416562759566321
            }, 
            "E60": {
                "chi2": 25.8126839829521, 
                "ndf": 24, 
                "pvalue": 0.3627375084030094
            }
        }
    }, 
    "MIP": {
        "set0": {
            "E100": {
                "chi2": 7.560871878260428, 
                "ndf": 16, 
                "pvalue": 0.960878013369477
            }, 
            "E175": {
                "chi2": 17.36119431227929, 
                "ndf": 26, 
                "pvalue": 0.8977654182054456
            }, 
            "E20": {
                "chi2": 3.741525192457821, 
                "ndf": 4, 
                "pvalue": 0.44211515958988
            }, 
            "E225": {
                "chi2": 22.925674255686666, 
                "ndf": 30, 
                "pvalue": 0.8183030071864673
            }, 
            "E300": {
                "chi2": 47.16480892994831, 
                "ndf": 36, 
                "pvalue": 0.10082075235932875
            }, 
            "E60": {
                "chi2": 7.835866330787106, 
                "ndf": 10, 
                "pvalue": 0.6448655264143658
            }
        }, 
        "set1": {
            "E100": {
                "chi2": 2.9256791175229333, 
                "ndf": 10, 
                "pvalue": 0.9831193241866261
            }, 
            "E175": {
                "chi2": 13.362417332110876, 
                "ndf": 16, 
                "pvalue": 0.6460972642253539
            }, 
            "E20": {
                "chi2": 4.062691557644976, 
                "ndf": 2, 
                "pvalue": 0.13115889146439333
            }, 
            "E225": {
                "chi2": 22.520663766832666, 
                "ndf": 20, 
                "pvalue": 0.31293883488593177
            }, 
            "E300": {
                "chi2": 28.38627465125347, 
                "ndf": 24, 
                "pvalue": 0.24408512720698175
            }, 
            "E60": {
                "chi2": 5.52153379756072, 
                "ndf": 6, 
                "pvalue": 0.47885788290251075
            }
        }, 
        "set2": {
            "E100": {
                "chi2": 9.445609143515192, 
                "ndf": 13, 
                "pvalue": 0.7385180040864512
            }, 
            "E175": {
                "chi2": 20.155457510041284, 
                "ndf": 20, 
                "pvalue": 0.44824363638675396
            }, 
            "E20": {
                "chi2": 4.0977783094800015, 
                "ndf": 2, 
                "pvalue": 0.1288779876026375
            }, 
            "E225": {
                "chi2": 20.717724989908664, 
                "ndf": 26, 
                "pvalue": 0.7563836572409622
            }, 
            "E300": {
                "chi2": 32.88845921509906, 
                "ndf": 34, 
                "pvalue": 0.5219762607411416
            }, 
            "E60": {
                "chi2": 6.1048157879712885, 
                "ndf": 8, 
                "pvalue": 0.6354921053731378
            }
        }
    }, 
    "SIM": {
        "set0": {
            "E100": {
                "chi2": 56.45837316691107, 
                "ndf": 24, 
                "pvalue": 0.00019843398191957536
            }, 
            "E175": {
                "chi2": 90.20194618166234, 
                "ndf": 30, 
                "pvalue": 6.120129952975995e-08
            }, 
            "E20": {
                "chi2": 9.42577990737615, 
                "ndf": 8, 
                "pvalue": 0.30765964191401185
            }, 
            "E225": {
                "chi2": 75.1713584173018, 
                "ndf": 33, 
                "pvalue": 3.920864823822927e-05
            }, 
            "E300": {
                "chi2": 72.29928974676834, 
                "ndf": 38, 
                "pvalue": 0.0006601633368940956
            }, 
            "E60": {
                "chi2": 82.71914197854754, 
                "ndf": 18, 
                "pvalue": 2.853018820079618e-10
            }
        }, 
        "set1": {
            "E100": {
                "chi2": 39.952111884338784, 
                "ndf": 14, 
                "pvalue": 0.00025954633798936554
            }, 
            "E175": {
                "chi2": 51.8782442436607, 
                "ndf": 16, 
                "pvalue": 1.1460784089625039e-05
            }, 
            "E20": {
                "chi2": 4.231599156028395, 
                "ndf": 4, 
                "pvalue": 0.37556873609275
            }, 
            "E225": {
                "chi2": 36.277464101306165, 
                "ndf": 18, 
                "pvalue": 0.006500267092935145
            }, 
            "E300": {
                "chi2": 46.59748887317912, 
                "ndf": 21, 
                "pvalue": 0.0010635397154770895
            }, 
            "E60": {
                "chi2": 29.80292197088367, 
                "ndf": 10, 
                "pvalue": 0.000922576510829288
            }
        }, 
        "set2": {
            "E100": {
                "chi2": 45.03644537497467, 
                "ndf": 12, 
                "pvalue": 1.015789674607824e-05
            }, 
            "E175": {
                "chi2": 68.00430013270288,