{
    "ENE": {
        "set0": {
            "E100": {
                "chi2": 0.20791310854978748, 
                "ndf": 2, 
                "pvalue": 0.901264452658293
            }, 
            "E175": {
                "chi2": 0.09696045927326977, 
                "ndf": 2, 
                "pvalue": 0.9526761738737779
            }, 
            "E20": {
                "chi2": 1.3896871581289654, 
                "ndf": 8, 
                "pvalue": 0.9943916865423831
            }, 
            "E225": {
                "chi2": 4.467771093391383, 
                "ndf": 4, 
                "pvalue": 0.3463861184695094
            }, 
            "E300": {
                "chi2": 3.911732593615938, 
                "ndf": 6, 
                "pvalue": 0.6886201502668279
            }, 
            "E60": {
                "chi2": 24.21343536311355, 
                "ndf": 16, 
                "pvalue": 0.08494537175723088
            }
        }, 
        "set1": {
            "E100": {
                "chi2": 2.214943899278624, 
                "ndf": 4, 
                "pvalue": 0.6962943101520489
            }, 
            "E175": {
                "chi2": 6.298449565737097, 
                "ndf": 8, 
                "pvalue": 0.6138396160596773
            }, 
            "E20": {
                "chi2": 2.16996548634109, 
                "ndf": 4, 
                "pvalue": 0.7045315503528915
            }, 
            "E225": {
                "chi2": 14.388143661612999, 
                "ndf": 10, 
                "pvalue": 0.15601185495081266
            }, 
            "E300": {
                "chi2": 9.650767250837935, 
                "ndf": 12, 
                "pvalue": 0.6465684641512499
            }, 
            "E60": {
                "chi2": 10.816763245810971, 
                "ndf": 10, 
                "pvalue": 0.37197100440051617
            }
        }, 
        "set2": {
            "E100": {
                "chi2": 8.958576676167429, 
                "ndf": 6, 
                "pvalue": 0.1759211272148928
            }, 
            "E175": {
                "chi2": 7.18775994009042, 
                "ndf": 12, 
                "pvalue": 0.844960136148177
            }, 
            "E20": {
                "chi2": 13.907458846972855, 
                "ndf": 4, 
                "pvalue": 0.007596341759983203
            }, 
            "E225": {
                "chi2": 10.715348366515546, 
                "ndf": 14, 
                "pvalue": 0.7082387671846129
            }, 
            "E300": {
                "chi2": 9.22118027534395, 
                "ndf": 20, 
                "pvalue": 0.9802009594973267
            }, 
            "E60": {
                "chi2": 12.176483857602868, 
                "ndf": 12, 
                "pvalue": 0.4316121706319841
            }
        }
    }, 
    "MIP": {
        "set0": {
            "E100": {
                "chi2": 7.560871878260428, 
                "ndf": 16, 
                "pvalue": 0.960878013369477
            }, 
            "E175": {
                "chi2": 17.3611943122793, 
                "ndf": 26, 
                "pvalue": 0.8977654182054456
            }, 
            "E20": {
                "chi2": 3.741525192457816, 
                "ndf": 4, 
                "pvalue": 0.4421151595898809
            }, 
            "E225": {
                "chi2": 22.925674255686666, 
                "ndf": 30, 
                "pvalue": 0.8183030071864673
            }, 
            "E300": {
                "chi2": 47.16480892994831, 
                "ndf": 36, 
                "pvalue": 0.10082075235932875
            }, 
            "E60": {
                "chi2": 7.835866330787102, 
                "ndf": 10, 
                "pvalue": 0.6448655264143665
            }
        }, 
        "set1": {
            "E100": {
                "chi2": 2.9256791175229333, 
                "ndf": 10, 
                "pvalue": 0.9831193241866261
            }, 
            "E175": {
                "chi2": 13.362417332110867, 
                "ndf": 16, 
                "pvalue": 0.6460972642253546
            }, 
            "E20": {
                "chi2": 4.062691557644976, 
                "ndf": 2, 
                "pvalue": 0.13115889146439333
            }, 
            "E225": {
                "chi2": 22.520663766832673, 
                "ndf": 20, 
                "pvalue": 0.31293883488593155
            }, 
            "E300": {
                "chi2": 28.38627465125347, 
                "ndf": 24, 
                "pvalue": 0.24408512720698175
            }, 
            "E60": {
                "chi2": 5.521533797560723, 
                "ndf": 6, 
                "pvalue": 0.47885788290251063
            }
        }, 
        "set2": {
            "E100": {
                "chi2": 9.445609143515192, 
                "ndf": 13, 
                "pvalue": 0.7385180040864512
            }, 
            "E175": {
                "chi2": 20.15545751004129, 
                "ndf": 20, 
                "pvalue": 0.4482436363867551
            }, 
            "E20": {
                "chi2": 4.0977783094800015, 
                "ndf": 2, 
                "pvalue": 0.1288779876026375
            }, 
            "E225": {
                "chi2": 20.717724989908675, 
                "ndf": 26, 
                "pvalue": 0.756383657240963
            }, 
            "E300": {
                "chi2": 32.88845921509906, 
                "ndf": 34, 
                "pvalue": 0.5219762607411416
            }, 
            "E60": {
                "chi2": 6.1048157879712965, 
                "ndf": 8, 
                "pvalue": 0.6354921053731369
            }
        }
    }, 
    "SIM": {
        "set0": {
            "E100": {
                "chi2": 56.45837316691105, 
                "ndf": 24, 
                "pvalue": 0.00019843398191957606
            }, 
            "E175": {
                "chi2": 90.20194618166234, 
                "ndf": 30, 
                "pvalue": 6.120129952975995e-08
            }, 
            "E20": {
                "chi2": 9.425779907376146, 
                "ndf": 8, 
                "pvalue": 0.3076596419140124
            }, 
            "E225": {
                "chi2": 75.1713584173018, 
                "ndf": 33, 
                "pvalue": 3.920864823822927e-05
            }, 
            "E300": {
                "chi2": 72.29928974676835, 
                "ndf": 38, 
                "pvalue": 0.0006601633368940909
            }, 
            "E60": {
                "chi2": 82.71914197854753, 
                "ndf": 18, 
                "pvalue": 2.8530188200796386e-10
            }
        }, 
        "set1": {
            "E100": {
                "chi2": 39.95211188433876, 
                "ndf": 14, 
                "pvalue": 0.00025954633798936765
            }, 
            "E175": {
                "chi2": 51.878244243660696, 
                "ndf": 16, 
                "pvalue": 1.1460784089625042e-05
            }, 
            "E20": {
                "chi2": 4.231599156028388, 
                "ndf": 4, 
                "pvalue": 0.37556873609275077
            }, 
            "E225": {
                "chi2": 36.27746410130615, 
                "ndf": 18, 
                "pvalue": 0.00650026709293517
            }, 
            "E300": {
                "chi2": 46.597488873179124, 
                "ndf": 21, 
                "pvalue": 0.0010635397154770854
            }, 
            "E60": {
                "chi2": 29.80292197088367, 
                "ndf": 10, 
                "pvalue": 0.000922576510829288
            }
        }, 
        "set2": {
            "E100": {
                "chi2": 45.036445374974626, 
                "ndf": 12, 
                "pvalue": 1.0157896746078398e-05
            }, 
            "E175": {
                "chi2": 68.00430013270288,