{
    "ENE": {
        "set0": {
            "E100": {
                "error_mean": 0.08827373345501584, 
                "error_sigma": 0.07245430294944888, 
                "mean": 99.56850328169534, 
                "resolution": 0.025770865912610273, 
                "sigma": 2.5659665471918665, 
                "uncertainty_resolution": 0.0007280415473184961
            }, 
            "E175": {
                "error_mean": 0.142296944411331, 
                "error_sigma": 0.16009877194401456, 
                "mean": 173.8775300043205, 
                "resolution": 0.02046749528143448, 
                "sigma": 3.558837524910912, 
                "uncertainty_resolution": 0.0009209083025548323
            }, 
            "E20": {
                "error_mean": 0.03518921857656281, 
                "error_sigma": 0.031696877567971626, 
                "mean": 19.82274188985732, 
                "resolution": 0.05061632099556281, 
                "sigma": 1.0033542665092074, 
                "uncertainty_resolution": 0.0016015384006977122
            }, 
            "E225": {
                "error_mean": 0.14287758231954176, 
                "error_sigma": 0.13498223111584018, 
                "mean": 223.82048374412335, 
                "resolution": 0.01800216531168686, 
                "sigma": 4.02925334850343, 
                "uncertainty_resolution": 0.0006031920428241692
            }, 
            "E300": {
                "error_mean": 0.17546579668429071, 
                "error_sigma": 0.1575993552577124, 
                "mean": 298.3986004298302, 
                "resolution": 0.016884835660065992, 
                "sigma": 5.03841132945138, 
                "uncertainty_resolution": 0.0005282437671697158
            }, 
            "E60": {
                "error_mean": 0.0627903437640625, 
                "error_sigma": 0.05315235179451583, 
                "mean": 59.60625198143116, 
                "resolution": 0.029287054988782896, 
                "sigma": 1.7456915794554237, 
                "uncertainty_resolution": 0.0008922579771280305
            }
        }, 
        "set1": {
            "E100": {
                "error_mean": 0.12793234621346702, 
                "error_sigma": 0.11326450508497898, 
                "mean": 105.36638900636662, 
                "resolution": 0.03371704234254476, 
                "sigma": 3.5526429996087057, 
                "uncertainty_resolution": 0.001075737840387589
            }, 
            "E175": {
                "error_mean": 0.20883551682815416, 
                "error_sigma": 0.17504657414006308, 
                "mean": 184.28140274985284, 
                "resolution": 0.027205175266964345, 
                "sigma": 5.0134078602517915, 
                "uncertainty_resolution": 0.0009503875414100324
            }, 
            "E20": {
                "error_mean": 0.05451579429486662, 
                "error_sigma": 0.053112028571188796, 
                "mean": 20.94279157238455, 
                "resolution": 0.07077369814006601, 
                "sigma": 1.4821988089542626, 
                "uncertainty_resolution": 0.0025427357716356317
            }, 
            "E225": {
                "error_mean": 0.28420923785037033, 
                "error_sigma": 0.2369580513034455, 
                "mean": 237.42173789439104, 
                "resolution": 0.02412679135243868, 
                "sigma": 5.7282247327113565, 
                "uncertainty_resolution": 0.0009984647863062073
            }, 
            "E300": {
                "error_mean": 0.23995577524984907, 
                "error_sigma": 0.21610869240503616, 
                "mean": 316.23582779370196, 
                "resolution": 0.020529178998352264, 
                "sigma": 6.4920619144690095, 
                "uncertainty_resolution": 0.0006835557837371086
            }, 
            "E60": {
                "error_mean": 0.09372557546784785, 
                "error_sigma": 0.09449937863746904, 
                "mean": 63.16485287650538, 
                "resolution": 0.040624536709839454, 
                "sigma": 2.566042884453201, 
                "uncertainty_resolution": 0.0014972892371223892
            }
        }, 
        "set2": {
            "E100": {
                "error_mean": 0.12731008270849556, 
                "error_sigma": 0.10954807882083673, 
                "mean": 97.15803823637152, 
                "resolution": 0.03587882184556235, 
                "sigma": 3.4859159447471084, 
                "uncertainty_resolution": 0.0011285043215151164
            }, 
            "E175": {
                "error_mean": 0.16513623078806614, 
                "error_sigma": 0.1418024647617666, 
                "mean": 170.20760157043364, 
                "resolution": 0.026697450485264607, 
                "sigma": 4.544109015142299, 
                "uncertainty_resolution": 0.0008335173141662155
            }, 
            "E20": {
                "error_mean": 0.05634168822206917, 
                "error_sigma": 0.05202184489616746, 
                "mean": 19.36988107092313, 
                "resolution": 0.07526825352727011, 
                "sigma": 1.4579371192393125, 
                "uncertainty_resolution": 0.0026946168541736593
            }, 
            "E225": {
                "error_mean": 0.2205993190445986, 
                "error_sigma": 0.22880184496101785, 
                "mean": 219.24947654422763, 
                "resolution": 0.026099200795138697, 
                "sigma": 5.722236112556849, 
                "uncertainty_resolution": 0.0010438988326741008
            }, 
            "E300": {
                "error_mean": 0.2593475642677757, 
                "error_sigma": 0.23715741891801345, 
                "mean": 292.8785310877835, 
                "resolution": 0.023346525684009987, 
                "sigma": 6.837696148336055, 
                "uncertainty_resolution": 0.000810010548742037
            }, 
            "E60": {
                "error_mean": 0.10329170224086617, 
                "error_sigma": 0.10520580125105061, 
                "mean": 58.20078725014964, 
                "resolution": 0.04701097467778247, 
                "sigma": 2.7360757356437895, 
                "uncertainty_resolution": 0.0018095597834690109
            }
        }
    }, 
    "MIP": {
        "set0": {
            "E100": {
                "error_mean": 8.06989514972653, 
                "error_sigma": 7.268160063363922, 
                "mean": 8856.316216123554, 
                "resolution": 0.025140879637635432, 
                "sigma": 222.65558002240113, 
                "uncertainty_resolution": 0.0008209949827839926
            }, 
            "E175": {
                "error_mean": 11.118056540360179, 
                "error_sigma": 9.317482449207233, 
                "mean": 15446.931626530108, 
                "resolution": 0.0202035709716064, 
                "sigma": 312.0831794101525, 
                "uncertainty_resolution": 0.000603368350890648
            }, 
            "E20": {
                "error_mean": 3.4249346031147545, 
                "error_sigma": 3.5678989702558326, 
                "mean": 1770.2481534576038, 
                "resolution": 0.05131726777121514, 
                "sigma": 90.84429851248301, 
                "uncertainty_resolution": 0.002017923506965878
            }, 
            "E225": {
                "error_mean": 13.008406360332847, 
                "error_sigma": 11.19781112696461, 
                "mean": 19823.20823992318, 
                "resolution": 0.018379474786363457, 
                "sigma": 364.3401560305004, 
                "uncertainty_resolution": 0.0005650126415134227
            }, 
            "E300": {
                "error_mean": 19.505016607500515, 
                "error_sigma": 18.45294139535943, 
                "mean": 26385.561624403585,