{
    "ENE": {
        "set0": {
            "E100": {
                "error_mean": 0.08827373354667778, 
                "error_sigma": 0.07245430313969048, 
                "mean": 99.56850328169601, 
                "sigma": 2.565966547192229
            }, 
            "E175": {
                "error_mean": 0.1422969446284177, 
                "error_sigma": 0.16009877233579717, 
                "mean": 173.87753000432068, 
                "sigma": 3.5588375249110342
            }, 
            "E20": {
                "error_mean": 0.035189218474490504, 
                "error_sigma": 0.03169687731922827, 
                "mean": 19.82274188985731, 
                "sigma": 1.0033542665092876
            }, 
            "E225": {
                "error_mean": 0.1428775823596037, 
                "error_sigma": 0.1349822325719845, 
                "mean": 223.82048374412364, 
                "sigma": 4.029253348503624
            }, 
            "E300": {
                "error_mean": 0.17546579689272268, 
                "error_sigma": 0.15759935591581042, 
                "mean": 298.3986004298289, 
                "sigma": 5.038411329451656
            }, 
            "E60": {
                "error_mean": 0.06279034372806169, 
                "error_sigma": 0.053152351684715216, 
                "mean": 59.60625198143119, 
                "sigma": 1.7456915794553813
            }
        }, 
        "set1": {
            "E100": {
                "error_mean": 0.08060025343316152, 
                "error_sigma": 0.07001037144354427, 
                "mean": 52.35085909815728, 
                "sigma": 1.7889881548968989
            }, 
            "E175": {
                "error_mean": 0.09004770266660246, 
                "error_sigma": 0.0797540263501082, 
                "mean": 91.3792200250487, 
                "sigma": 2.5355085439758356
            }, 
            "E20": {
                "error_mean": 0.02859226846450989, 
                "error_sigma": 0.029802737951314606, 
                "mean": 10.460022490637249, 
                "sigma": 0.7404571425555716
            }, 
            "E225": {
                "error_mean": 0.11187780325748732, 
                "error_sigma": 0.100234481890213, 
                "mean": 117.72662842770018, 
                "sigma": 2.9493519818020477
            }, 
            "E300": {
                "error_mean": 0.12197451914687682, 
                "error_sigma": 0.1129366515192336, 
                "mean": 156.71252840041765, 
                "sigma": 3.43572500726272
            }, 
            "E60": {
                "error_mean": 0.048654942139641985, 
                "error_sigma": 0.0463280345162812, 
                "mean": 31.42701318260383, 
                "sigma": 1.2895379359563557
            }
        }, 
        "set2": {
            "E100": {
                "error_mean": 0.084992289135214, 
                "error_sigma": 0.06937045428565525, 
                "mean": 46.26132121892339, 
                "sigma": 2.093262202841015
            }, 
            "E175": {
                "error_mean": 0.11832002000129276, 
                "error_sigma": 0.10088415581058907, 
                "mean": 82.29973344403687, 
                "sigma": 3.3663001460913504
            }, 
            "E20": {
                "error_mean": 0.030643372654520967, 
                "error_sigma": 0.028161526083877453, 
                "mean": 8.7891525504661, 
                "sigma": 0.7203938004196059
            }, 
            "E225": {
                "error_mean": 0.15184177679445782, 
                "error_sigma": 0.14688847837589902, 
                "mean": 106.84959091789466, 
                "sigma": 4.1037637569794665
            }, 
            "E300": {
                "error_mean": 0.1998126033866274, 
                "error_sigma": 0.1889161933316208, 
                "mean": 144.05977778091236, 
                "sigma": 5.521973002422062
            }, 
            "E60": {
                "error_mean": 0.060762526604951336, 
                "error_sigma": 0.06247254246810208, 
                "mean": 27.22190108563233, 
                "sigma": 1.5876483604776725
            }
        }
    }, 
    "MIP": {
        "set0": {
            "E100": {
                "error_mean": 8.06989514972653, 
                "error_sigma": 7.268160063363922, 
                "mean": 8856.316216123554, 
                "sigma": 222.65558002240113
            }, 
            "E175": {
                "error_mean": 11.118056544707269, 
                "error_sigma": 9.317482478312172, 
                "mean": 15446.93162653013, 
                "sigma": 312.0831794101426
            }, 
            "E20": {
                "error_mean": 3.424934593106261, 
                "error_sigma": 3.5678989545274504, 
                "mean": 1770.2481534576036, 
                "sigma": 90.84429851248
            }, 
            "E225": {
                "error_mean": 13.008406371527778, 
                "error_sigma": 11.197811122694958, 
                "mean": 19823.208239923213, 
                "sigma": 364.3401560304995
            }, 
            "E300": {
                "error_mean": 19.505016607500515, 
                "error_sigma": 18.45294139535943, 
                "mean": 26385.561624403585, 
                "sigma": 475.91623528563724
            }, 
            "E60": {
                "error_mean": 6.9810159823325035, 
                "error_sigma": 6.31340514484846, 
                "mean": 5309.857071842243, 
                "sigma": 167.68357978735366
            }
        }, 
        "set1": {
            "E100": {
                "error_mean": 6.26525326298722, 
                "error_sigma": 6.143937830704942, 
                "mean": 4666.85018933647, 
                "sigma": 163.39892626044897
            }, 
            "E175": {
                "error_mean": 8.780794163740321, 
                "error_sigma": 7.854903235569481, 
                "mean": 8140.283399001839, 
                "sigma": 232.14873363417567
            }, 
            "E20": {
                "error_mean": 2.5236445506056797, 
                "error_sigma": 2.5193952543233067, 
                "mean": 935.147425709556, 
                "sigma": 64.18253267293883
            }, 
            "E225": {
                "error_mean": 9.495046922713891, 
                "error_sigma": 8.746635500526722, 
                "mean": 10465.788484788269, 
                "sigma": 263.3470391601712
            }, 
            "E300": {
                "error_mean": 11.369205932415952, 
                "error_sigma": 10.57718439831217, 
                "mean": 13927.643007488678, 
                "sigma": 314.0654485074896
            }, 
            "E60": {
                "error_mean": 4.488075897903021, 
                "error_sigma": 4.195921814671557, 
                "mean": 2805.0847494353625, 
                "sigma": 110.91924545524157
            }
        }, 
        "set2": {
            "E100": {
                "error_mean": 6.933139063310808, 
                "error_sigma": 6.118150554719506, 
                "mean": 4123.357791901498, 
                "sigma": 186.6615371431838
            }, 
            "E175": {
                "error_mean": 10.08759230669109, 
                "error_sigma": 9.25346781940641, 
                "mean": 7325.25476730929, 
                "sigma": 275.03876871108054
            }, 
            "E20": {
                "error_mean": 2.682168125041536, 
                "error_sigma": 2.7828517227972647, 
                "mean": 788.2091321860117, 
                "sigma": 66.2200207461232
            }, 
            "E225": {
                "error_mean": 12.749520784413447, 
                "error_sigma": 12.374289368216836, 
                "mean": 9495.037745623675, 
                "sigma": 348.11865683282457
            },