{
    "ENE": {
        "set0": {
            "E100": {
                "error_mean": 0.08827373345501584, 
                "error_sigma": 0.07245430294944888, 
                "mean": 99.56850328169534, 
                "sigma": 2.5659665471918665
            }, 
            "E175": {
                "error_mean": 0.142296944411331, 
                "error_sigma": 0.16009877194401456, 
                "mean": 173.8775300043205, 
                "sigma": 3.558837524910912
            }, 
            "E20": {
                "error_mean": 0.03518921857656281, 
                "error_sigma": 0.031696877567971626, 
                "mean": 19.82274188985732, 
                "sigma": 1.0033542665092074
            }, 
            "E225": {
                "error_mean": 0.14287758231954176, 
                "error_sigma": 0.13498223111584018, 
                "mean": 223.82048374412335, 
                "sigma": 4.02925334850343
            }, 
            "E300": {
                "error_mean": 0.17546579668429071, 
                "error_sigma": 0.1575993552577124, 
                "mean": 298.3986004298302, 
                "sigma": 5.03841132945138
            }, 
            "E60": {
                "error_mean": 0.0627903437640625, 
                "error_sigma": 0.05315235179451583, 
                "mean": 59.60625198143116, 
                "sigma": 1.7456915794554237
            }
        }, 
        "set1": {
            "E100": {
                "error_mean": 0.12793234621346702, 
                "error_sigma": 0.11326450508497898, 
                "mean": 105.36638900636662, 
                "sigma": 3.5526429996087057
            }, 
            "E175": {
                "error_mean": 0.20883551682815416, 
                "error_sigma": 0.17504657414006308, 
                "mean": 184.28140274985284, 
                "sigma": 5.0134078602517915
            }, 
            "E20": {
                "error_mean": 0.05451579429486662, 
                "error_sigma": 0.053112028571188796, 
                "mean": 20.94279157238455, 
                "sigma": 1.4821988089542626
            }, 
            "E225": {
                "error_mean": 0.28420923785037033, 
                "error_sigma": 0.2369580513034455, 
                "mean": 237.42173789439104, 
                "sigma": 5.7282247327113565
            }, 
            "E300": {
                "error_mean": 0.23995577524984907, 
                "error_sigma": 0.21610869240503616, 
                "mean": 316.23582779370196, 
                "sigma": 6.4920619144690095
            }, 
            "E60": {
                "error_mean": 0.09372557546784785, 
                "error_sigma": 0.09449937863746904, 
                "mean": 63.16485287650538, 
                "sigma": 2.566042884453201
            }
        }, 
        "set2": {
            "E100": {
                "error_mean": 0.12731008270849556, 
                "error_sigma": 0.10954807882083673, 
                "mean": 97.15803823637152, 
                "sigma": 3.4859159447471084
            }, 
            "E175": {
                "error_mean": 0.16513623078806614, 
                "error_sigma": 0.1418024647617666, 
                "mean": 170.20760157043364, 
                "sigma": 4.544109015142299
            }, 
            "E20": {
                "error_mean": 0.05634168822206917, 
                "error_sigma": 0.05202184489616746, 
                "mean": 19.36988107092313, 
                "sigma": 1.4579371192393125
            }, 
            "E225": {
                "error_mean": 0.2205993190445986, 
                "error_sigma": 0.22880184496101785, 
                "mean": 219.24947654422763, 
                "sigma": 5.722236112556849
            }, 
            "E300": {
                "error_mean": 0.2593475642677757, 
                "error_sigma": 0.23715741891801345, 
                "mean": 292.8785310877835, 
                "sigma": 6.837696148336055
            }, 
            "E60": {
                "error_mean": 0.10329170224086617, 
                "error_sigma": 0.10520580125105061, 
                "mean": 58.20078725014964, 
                "sigma": 2.7360757356437895
            }
        }
    }, 
    "MIP": {
        "set0": {
            "E100": {
                "error_mean": 8.06989514972653, 
                "error_sigma": 7.268160063363922, 
                "mean": 8856.316216123554, 
                "sigma": 222.65558002240113
            }, 
            "E175": {
                "error_mean": 11.118056540360179, 
                "error_sigma": 9.317482449207233, 
                "mean": 15446.931626530108, 
                "sigma": 312.0831794101525
            }, 
            "E20": {
                "error_mean": 3.4249346031147545, 
                "error_sigma": 3.5678989702558326, 
                "mean": 1770.2481534576038, 
                "sigma": 90.84429851248301
            }, 
            "E225": {
                "error_mean": 13.008406360332847, 
                "error_sigma": 11.19781112696461, 
                "mean": 19823.20823992318, 
                "sigma": 364.3401560305004
            }, 
            "E300": {
                "error_mean": 19.505016607500515, 
                "error_sigma": 18.45294139535943, 
                "mean": 26385.561624403585, 
                "sigma": 475.91623528563724
            }, 
            "E60": {
                "error_mean": 6.981015972530174, 
                "error_sigma": 6.313405150733672, 
                "mean": 5309.857071842245, 
                "sigma": 167.68357978736785
            }
        }, 
        "set1": {
            "E100": {
                "error_mean": 6.26525326298722, 
                "error_sigma": 6.143937830704942, 
                "mean": 4666.85018933647, 
                "sigma": 163.39892626044897
            }, 
            "E175": {
                "error_mean": 8.780794164880849, 
                "error_sigma": 7.854903256445851, 
                "mean": 8140.283399001841, 
                "sigma": 232.14873363418408
            }, 
            "E20": {
                "error_mean": 2.5236445506056797, 
                "error_sigma": 2.5193952543233067, 
                "mean": 935.147425709556, 
                "sigma": 64.18253267293883
            }, 
            "E225": {
                "error_mean": 9.4950469104425, 
                "error_sigma": 8.746635480479029, 
                "mean": 10465.788484788252, 
                "sigma": 263.3470391602519
            }, 
            "E300": {
                "error_mean": 11.369205932415952, 
                "error_sigma": 10.57718439831217, 
                "mean": 13927.643007488678, 
                "sigma": 314.0654485074896
            }, 
            "E60": {
                "error_mean": 4.488075882253499, 
                "error_sigma": 4.195921808587585, 
                "mean": 2805.08474943535, 
                "sigma": 110.91924545523511
            }
        }, 
        "set2": {
            "E100": {
                "error_mean": 6.933139063310808, 
                "error_sigma": 6.118150554719506, 
                "mean": 4123.357791901498, 
                "sigma": 186.6615371431838
            }, 
            "E175": {
                "error_mean": 10.08759230230144, 
                "error_sigma": 9.253467813198142, 
                "mean": 7325.254767309294, 
                "sigma": 275.03876871108577
            }, 
            "E20": {
                "error_mean": 2.682168125041536, 
                "error_sigma": 2.7828517227972647, 
                "mean": 788.2091321860117, 
                "sigma": 66.2200207461232
            }, 
            "E225": {
                "error_mean": 12.749520780197535, 
                "error_sigma": 12.374289360220075, 
                "mean": 9495.03774562364, 
                "sigma": 348.1186568328283
            },